Country,Year Code,Year,Unit,Value,
Afghanistan,2000,2000,%,10.9,Percentage of population using safely managed drinking water services (Percent)
Afghanistan,2001,2001,%,10.9,
Afghanistan,2002,2002,%,11.7,
Afghanistan,2003,2003,%,12.5,
Afghanistan,2004,2004,%,13.3,
Afghanistan,2005,2005,%,14.1,
Afghanistan,2006,2006,%,14.9,
Afghanistan,2007,2007,%,16.1,
Afghanistan,2008,2008,%,17.3,
Afghanistan,2009,2009,%,18.3,
Afghanistan,2010,2010,%,19.1,
Afghanistan,2011,2011,%,20,
Afghanistan,2012,2012,%,20.8,
Afghanistan,2013,2013,%,21.7,
Afghanistan,2014,2014,%,22.5,
Afghanistan,2015,2015,%,23.4,
Afghanistan,2016,2016,%,24.2,
Afghanistan,2017,2017,%,25.1,
Afghanistan,2018,2018,%,25.9,
Afghanistan,2019,2019,%,26.8,
Afghanistan,2020,2020,%,27.6,
Albania,2000,2000,%,49.1,
Albania,2001,2001,%,49.1,
Albania,2002,2002,%,49,
Albania,2003,2003,%,48.9,
Albania,2004,2004,%,50.7,
Albania,2005,2005,%,52.6,
Albania,2006,2006,%,54.5,
Albania,2007,2007,%,56.4,
Albania,2008,2008,%,58.3,
Albania,2009,2009,%,60.3,
Albania,2010,2010,%,62.3,
Albania,2011,2011,%,64.3,
Albania,2012,2012,%,66.4,
Albania,2013,2013,%,68.5,
Albania,2014,2014,%,70.6,
Albania,2015,2015,%,70.6,
Albania,2016,2016,%,70.6,
Albania,2017,2017,%,70.6,
Albania,2018,2018,%,70.7,
Albania,2019,2019,%,70.7,
Albania,2020,2020,%,70.7,
Algeria,2000,2000,%,70.1,
Algeria,2001,2001,%,70.6,
Algeria,2002,2002,%,71.2,
Algeria,2003,2003,%,71.7,
Algeria,2004,2004,%,72.2,
Algeria,2005,2005,%,72.8,
Algeria,2006,2006,%,73.2,
Algeria,2007,2007,%,73.7,
Algeria,2008,2008,%,74.2,
Algeria,2009,2009,%,74.6,
Algeria,2010,2010,%,75.1,
Algeria,2011,2011,%,75.5,
Algeria,2012,2012,%,75.9,
Algeria,2013,2013,%,76.3,
Algeria,2014,2014,%,76,
Algeria,2015,2015,%,75.5,
Algeria,2016,2016,%,75.1,
Algeria,2017,2017,%,74.6,
Algeria,2018,2018,%,73.9,
Algeria,2019,2019,%,73.1,
Algeria,2020,2020,%,72.4,
American Samoa,2000,2000,%,77.8,
American Samoa,2001,2001,%,79,
American Samoa,2002,2002,%,80.2,
American Samoa,2003,2003,%,81.4,
American Samoa,2004,2004,%,82.7,
American Samoa,2005,2005,%,83.9,
American Samoa,2006,2006,%,85.1,
American Samoa,2007,2007,%,86.3,
American Samoa,2008,2008,%,87.5,
American Samoa,2009,2009,%,88.7,
American Samoa,2010,2010,%,89.9,
American Samoa,2011,2011,%,91.2,
American Samoa,2012,2012,%,92.4,
American Samoa,2013,2013,%,93.6,
American Samoa,2014,2014,%,94.8,
American Samoa,2015,2015,%,96.1,
American Samoa,2016,2016,%,97.3,
American Samoa,2017,2017,%,98.4,
American Samoa,2018,2018,%,98.4,
American Samoa,2019,2019,%,98.4,
American Samoa,2020,2020,%,98.4,
Andorra,2000,2000,%,90.6,
Andorra,2001,2001,%,90.6,
Andorra,2002,2002,%,90.6,
Andorra,2003,2003,%,90.6,
Andorra,2004,2004,%,90.6,
Andorra,2005,2005,%,90.6,
Andorra,2006,2006,%,90.6,
Andorra,2007,2007,%,90.6,
Andorra,2008,2008,%,90.6,
Andorra,2009,2009,%,90.6,
Andorra,2010,2010,%,90.6,
Andorra,2011,2011,%,90.6,
Andorra,2012,2012,%,90.6,
Andorra,2013,2013,%,90.6,
Andorra,2014,2014,%,90.6,
Andorra,2015,2015,%,90.6,
Andorra,2016,2016,%,90.6,
Andorra,2017,2017,%,90.6,
Andorra,2018,2018,%,90.6,
Andorra,2019,2019,%,90.6,
Andorra,2020,2020,%,90.6,
Armenia,2000,2000,%,79.9,
Armenia,2001,2001,%,80,
Armenia,2002,2002,%,80.1,
Armenia,2003,2003,%,80.3,
Armenia,2004,2004,%,80.4,
Armenia,2005,2005,%,80.5,
Armenia,2006,2006,%,80.6,
Armenia,2007,2007,%,80.8,
Armenia,2008,2008,%,80.9,
Armenia,2009,2009,%,81,
Armenia,2010,2010,%,81.2,
Armenia,2011,2011,%,81.8,
Armenia,2012,2012,%,82.4,
Armenia,2013,2013,%,83,
Armenia,2014,2014,%,83.6,
Armenia,2015,2015,%,84.1,
Armenia,2016,2016,%,84.6,
Armenia,2017,2017,%,85.4,
Armenia,2018,2018,%,85.9,
Armenia,2019,2019,%,86.4,
Armenia,2020,2020,%,86.9,
Austria,2000,2000,%,96.5,
Austria,2001,2001,%,96.7,
Austria,2002,2002,%,96.9,
Austria,2003,2003,%,97.1,
Austria,2004,2004,%,97.3,
Austria,2005,2005,%,97.5,
Austria,2006,2006,%,97.7,
Austria,2007,2007,%,97.9,
Austria,2008,2008,%,98.1,
Austria,2009,2009,%,98.3,
Austria,2010,2010,%,98.5,
Austria,2011,2011,%,98.7,
Austria,2012,2012,%,98.9,
Austria,2013,2013,%,98.9,
Austria,2014,2014,%,98.9,
Austria,2015,2015,%,98.9,
Austria,2016,2016,%,98.9,
Austria,2017,2017,%,98.9,
Austria,2018,2018,%,98.9,
Austria,2019,2019,%,98.9,
Austria,2020,2020,%,98.9,
Azerbaijan,2000,2000,%,57.8,
Azerbaijan,2001,2001,%,59.6,
Azerbaijan,2002,2002,%,61.4,
Azerbaijan,2003,2003,%,63.2,
Azerbaijan,2004,2004,%,65.1,
Azerbaijan,2005,2005,%,66.9,
Azerbaijan,2006,2006,%,68.8,
Azerbaijan,2007,2007,%,70.7,
Azerbaijan,2008,2008,%,72.7,
Azerbaijan,2009,2009,%,74.7,
Azerbaijan,2010,2010,%,76.7,
Azerbaijan,2011,2011,%,78.7,
Azerbaijan,2012,2012,%,80.5,
Azerbaijan,2013,2013,%,82,
Azerbaijan,2014,2014,%,83.5,
Azerbaijan,2015,2015,%,85,
Azerbaijan,2016,2016,%,85.7,
Azerbaijan,2017,2017,%,86.4,
Azerbaijan,2018,2018,%,87.1,
Azerbaijan,2019,2019,%,87.7,
Azerbaijan,2020,2020,%,88.3,
Bahrain,2000,2000,%,98.8,
Bahrain,2001,2001,%,98.8,
Bahrain,2002,2002,%,98.9,
Bahrain,2003,2003,%,98.9,
Bahrain,2004,2004,%,98.9,
Bahrain,2005,2005,%,98.9,
Bahrain,2006,2006,%,98.9,
Bahrain,2007,2007,%,98.9,
Bahrain,2008,2008,%,99,
Bahrain,2009,2009,%,99,
Bahrain,2010,2010,%,99,
Bahrain,2011,2011,%,99,
Bahrain,2012,2012,%,99,
Bahrain,2013,2013,%,99,
Bahrain,2014,2014,%,99,
Bahrain,2015,2015,%,99,
Bahrain,2016,2016,%,99,
Bahrain,2017,2017,%,99,
Bahrain,2018,2018,%,99,
Bahrain,2019,2019,%,99,
Bahrain,2020,2020,%,99,
Bangladesh,2000,2000,%,55.3,
Bangladesh,2001,2001,%,55.3,
Bangladesh,2002,2002,%,55.2,
Bangladesh,2003,2003,%,55.2,
Bangladesh,2004,2004,%,55.2,
Bangladesh,2005,2005,%,55.2,
Bangladesh,2006,2006,%,55.1,
Bangladesh,2007,2007,%,55.1,
Bangladesh,2008,2008,%,55,
Bangladesh,2009,2009,%,55,
Bangladesh,2010,2010,%,54.9,
Bangladesh,2011,2011,%,54.9,
Bangladesh,2012,2012,%,55.2,
Bangladesh,2013,2013,%,55.6,
Bangladesh,2014,2014,%,55.9,
Bangladesh,2015,2015,%,56.3,
Bangladesh,2016,2016,%,56.7,
Bangladesh,2017,2017,%,57.2,
Bangladesh,2018,2018,%,57.6,
Bangladesh,2019,2019,%,58,
Bangladesh,2020,2020,%,58.5,
Belarus,2000,2000,%,80.6,
Belarus,2001,2001,%,80.8,
Belarus,2002,2002,%,81,
Belarus,2003,2003,%,81.2,
Belarus,2004,2004,%,82.5,
Belarus,2005,2005,%,83.9,
Belarus,2006,2006,%,85.2,
Belarus,2007,2007,%,86.4,
Belarus,2008,2008,%,87.7,
Belarus,2009,2009,%,88.9,
Belarus,2010,2010,%,90.1,
Belarus,2011,2011,%,91.2,
Belarus,2012,2012,%,92.3,
Belarus,2013,2013,%,93.4,
Belarus,2014,2014,%,94.5,
Belarus,2015,2015,%,94.5,
Belarus,2016,2016,%,94.5,
Belarus,2017,2017,%,94.5,
Belarus,2018,2018,%,94.6,
Belarus,2019,2019,%,94.6,
Belarus,2020,2020,%,94.6,
Belgium,2000,2000,%,99,
Belgium,2001,2001,%,99,
Belgium,2002,2002,%,99,
Belgium,2003,2003,%,99,
Belgium,2004,2004,%,99,
Belgium,2005,2005,%,99,
Belgium,2006,2006,%,99,
Belgium,2007,2007,%,99,
Belgium,2008,2008,%,99,
Belgium,2009,2009,%,99,
Belgium,2010,2010,%,99,
Belgium,2011,2011,%,99,
Belgium,2012,2012,%,99,
Belgium,2013,2013,%,99,
Belgium,2014,2014,%,99,
Belgium,2015,2015,%,99,
Belgium,2016,2016,%,99,
Belgium,2017,2017,%,99,
Belgium,2018,2018,%,99,
Belgium,2019,2019,%,99,
Belgium,2020,2020,%,99,
Bhutan,2000,2000,%,28.7,
Bhutan,2001,2001,%,29.3,
Bhutan,2002,2002,%,29.8,
Bhutan,2003,2003,%,30.3,
Bhutan,2004,2004,%,30.9,
Bhutan,2005,2005,%,31.4,
Bhutan,2006,2006,%,31.8,
Bhutan,2007,2007,%,32.3,
Bhutan,2008,2008,%,32.7,
Bhutan,2009,2009,%,33.1,
Bhutan,2010,2010,%,33.5,
Bhutan,2011,2011,%,34,
Bhutan,2012,2012,%,34.4,
Bhutan,2013,2013,%,34.8,
Bhutan,2014,2014,%,35.2,
Bhutan,2015,2015,%,35.6,
Bhutan,2016,2016,%,35.9,
Bhutan,2017,2017,%,36.2,
Bhutan,2018,2018,%,36.3,
Bhutan,2019,2019,%,36.5,
Bhutan,2020,2020,%,36.6,
Bosnia and Herzegovina,2000,2000,%,87.3,
Bosnia and Herzegovina,2001,2001,%,87.5,
Bosnia and Herzegovina,2002,2002,%,87.6,
Bosnia and Herzegovina,2003,2003,%,87.7,
Bosnia and Herzegovina,2004,2004,%,87.8,
Bosnia and Herzegovina,2005,2005,%,88,
Bosnia and Herzegovina,2006,2006,%,88.1,
Bosnia and Herzegovina,2007,2007,%,88.2,
Bosnia and Herzegovina,2008,2008,%,88.3,
Bosnia and Herzegovina,2009,2009,%,88.4,
Bosnia and Herzegovina,2010,2010,%,88.5,
Bosnia and Herzegovina,2011,2011,%,88.7,
Bosnia and Herzegovina,2012,2012,%,88.7,
Bosnia and Herzegovina,2013,2013,%,88.8,
Bosnia and Herzegovina,2014,2014,%,88.8,
Bosnia and Herzegovina,2015,2015,%,88.8,
Bosnia and Herzegovina,2016,2016,%,88.8,
Bosnia and Herzegovina,2017,2017,%,88.8,
Bosnia and Herzegovina,2018,2018,%,88.9,
Bosnia and Herzegovina,2019,2019,%,88.9,
Bosnia and Herzegovina,2020,2020,%,88.9,
Brazil,2000,2000,%,76,
Brazil,2001,2001,%,76.6,
Brazil,2002,2002,%,77,
Brazil,2003,2003,%,77.3,
Brazil,2004,2004,%,77.6,
Brazil,2005,2005,%,77.9,
Brazil,2006,2006,%,78.1,
Brazil,2007,2007,%,78.4,
Brazil,2008,2008,%,78.7,
Brazil,2009,2009,%,78.9,
Brazil,2010,2010,%,79.1,
Brazil,2011,2011,%,79.4,
Brazil,2012,2012,%,79.6,
Brazil,2013,2013,%,80.4,
Brazil,2014,2014,%,81.2,
Brazil,2015,2015,%,82,
Brazil,2016,2016,%,82.7,
Brazil,2017,2017,%,83.5,
Brazil,2018,2018,%,84.3,
Brazil,2019,2019,%,85.1,
Brazil,2020,2020,%,85.8,
Bulgaria,2000,2000,%,89.7,
Bulgaria,2001,2001,%,90.2,
Bulgaria,2002,2002,%,90.7,
Bulgaria,2003,2003,%,91.2,
Bulgaria,2004,2004,%,91.8,
Bulgaria,2005,2005,%,92.3,
Bulgaria,2006,2006,%,92.8,
Bulgaria,2007,2007,%,93.3,
Bulgaria,2008,2008,%,93.8,
Bulgaria,2009,2009,%,94.3,
Bulgaria,2010,2010,%,94.8,
Bulgaria,2011,2011,%,95.4,
Bulgaria,2012,2012,%,95.9,
Bulgaria,2013,2013,%,96.4,
Bulgaria,2014,2014,%,96.9,
Bulgaria,2015,2015,%,97.3,
Bulgaria,2016,2016,%,97.3,
Bulgaria,2017,2017,%,97.4,
Bulgaria,2018,2018,%,97.5,
Bulgaria,2019,2019,%,97.5,
Bulgaria,2020,2020,%,97.6,
Cambodia,2000,2000,%,17,
Cambodia,2001,2001,%,17.5,
Cambodia,2002,2002,%,18,
Cambodia,2003,2003,%,18.4,
Cambodia,2004,2004,%,18.9,
Cambodia,2005,2005,%,19.4,
Cambodia,2006,2006,%,19.9,
Cambodia,2007,2007,%,20.3,
Cambodia,2008,2008,%,20.8,
Cambodia,2009,2009,%,21.4,
Cambodia,2010,2010,%,21.9,
Cambodia,2011,2011,%,22.5,
Cambodia,2012,2012,%,23.1,
Cambodia,2013,2013,%,23.7,
Cambodia,2014,2014,%,24.2,
Cambodia,2015,2015,%,24.8,
Cambodia,2016,2016,%,25.4,
Cambodia,2017,2017,%,26,
Cambodia,2018,2018,%,26.6,
Cambodia,2019,2019,%,27.2,
Cambodia,2020,2020,%,27.8,
Canada,2000,2000,%,98.2,
Canada,2001,2001,%,98.2,
Canada,2002,2002,%,98.2,
Canada,2003,2003,%,98.2,
Canada,2004,2004,%,98.2,
Canada,2005,2005,%,98.2,
Canada,2006,2006,%,98.3,
Canada,2007,2007,%,98.4,
Canada,2008,2008,%,98.4,
Canada,2009,2009,%,98.5,
Canada,2010,2010,%,98.5,
Canada,2011,2011,%,98.6,
Canada,2012,2012,%,98.7,
Canada,2013,2013,%,98.7,
Canada,2014,2014,%,98.8,
Canada,2015,2015,%,98.8,
Canada,2016,2016,%,98.9,
Canada,2017,2017,%,98.9,
Canada,2018,2018,%,99,
Canada,2019,2019,%,99,
Canada,2020,2020,%,99,
Central African Republic,2000,2000,%,8.5,
Central African Republic,2001,2001,%,8.4,
Central African Republic,2002,2002,%,8.3,
Central African Republic,2003,2003,%,8.1,
Central African Republic,2004,2004,%,8,
Central African Republic,2005,2005,%,7.9,
Central African Republic,2006,2006,%,7.7,
Central African Republic,2007,2007,%,7.6,
Central African Republic,2008,2008,%,7.5,
Central African Republic,2009,2009,%,7.4,
Central African Republic,2010,2010,%,7.3,
Central African Republic,2011,2011,%,7.1,
Central African Republic,2012,2012,%,7,
Central African Republic,2013,2013,%,6.9,
Central African Republic,2014,2014,%,6.8,
Central African Republic,2015,2015,%,6.7,
Central African Republic,2016,2016,%,6.6,
Central African Republic,2017,2017,%,6.5,
Central African Republic,2018,2018,%,6.4,
Central African Republic,2019,2019,%,6.3,
Central African Republic,2020,2020,%,6.2,
Chad,2000,2000,%,5.6,
Chad,2001,2001,%,5.6,
Chad,2002,2002,%,5.6,
Chad,2003,2003,%,5.6,
Chad,2004,2004,%,5.6,
Chad,2005,2005,%,5.6,
Chad,2006,2006,%,5.6,
Chad,2007,2007,%,5.6,
Chad,2008,2008,%,5.6,
Chad,2009,2009,%,5.6,
Chad,2010,2010,%,5.6,
Chad,2011,2011,%,5.6,
Chad,2012,2012,%,5.6,
Chad,2013,2013,%,5.6,
Chad,2014,2014,%,5.6,
Chad,2015,2015,%,5.6,
Chad,2016,2016,%,5.6,
Chad,2017,2017,%,5.6,
Chad,2018,2018,%,5.6,
Chad,2019,2019,%,5.6,
Chad,2020,2020,%,5.6,
Chile,2000,2000,%,92.1,
Chile,2001,2001,%,92.6,
Chile,2002,2002,%,93.1,
Chile,2003,2003,%,93.5,
Chile,2004,2004,%,93.9,
Chile,2005,2005,%,94.3,
Chile,2006,2006,%,94.7,
Chile,2007,2007,%,95.1,
Chile,2008,2008,%,95.5,
Chile,2009,2009,%,96,
Chile,2010,2010,%,96.4,
Chile,2011,2011,%,96.8,
Chile,2012,2012,%,97.2,
Chile,2013,2013,%,97.7,
Chile,2014,2014,%,98.1,
Chile,2015,2015,%,98.4,
Chile,2016,2016,%,98.6,
Chile,2017,2017,%,98.8,
Chile,2018,2018,%,98.8,
Chile,2019,2019,%,98.8,
Chile,2020,2020,%,98.8,
"China, Hong Kong SAR",2000,2000,%,98.1,
"China, Hong Kong SAR",2001,2001,%,98.2,
"China, Hong Kong SAR",2002,2002,%,98.4,
"China, Hong Kong SAR",2003,2003,%,98.5,
"China, Hong Kong SAR",2004,2004,%,98.6,
"China, Hong Kong SAR",2005,2005,%,98.7,
"China, Hong Kong SAR",2006,2006,%,98.9,
"China, Hong Kong SAR",2007,2007,%,99,
"China, Hong Kong SAR",2008,2008,%,99,
"China, Hong Kong SAR",2009,2009,%,99,
"China, Hong Kong SAR",2010,2010,%,99,
"China, Hong Kong SAR",2011,2011,%,99,
"China, Hong Kong SAR",2012,2012,%,99,
"China, Hong Kong SAR",2013,2013,%,99,
"China, Hong Kong SAR",2014,2014,%,99,
"China, Hong Kong SAR",2015,2015,%,99,
"China, Hong Kong SAR",2016,2016,%,99,
"China, Hong Kong SAR",2017,2017,%,99,
"China, Hong Kong SAR",2018,2018,%,99,
"China, Hong Kong SAR",2019,2019,%,99,
"China, Hong Kong SAR",2020,2020,%,99,
"China, Macao SAR",2000,2000,%,99,
"China, Macao SAR",2001,2001,%,99,
"China, Macao SAR",2002,2002,%,99,
"China, Macao SAR",2003,2003,%,99,
"China, Macao SAR",2004,2004,%,99,
"China, Macao SAR",2005,2005,%,99,
"China, Macao SAR",2006,2006,%,99,
"China, Macao SAR",2007,2007,%,99,
"China, Macao SAR",2008,2008,%,99,
"China, Macao SAR",2009,2009,%,99,
"China, Macao SAR",2010,2010,%,99,
"China, Macao SAR",2011,2011,%,99,
"China, Macao SAR",2012,2012,%,99,
"China, Macao SAR",2013,2013,%,99,
"China, Macao SAR",2014,2014,%,99,
"China, Macao SAR",2015,2015,%,99,
"China, Macao SAR",2016,2016,%,99,
"China, Macao SAR",2017,2017,%,99,
"China, Macao SAR",2018,2018,%,99,
"China, Macao SAR",2019,2019,%,99,
"China, Macao SAR",2020,2020,%,99,
Colombia,2000,2000,%,68.8,
Colombia,2001,2001,%,69.2,
Colombia,2002,2002,%,69.5,
Colombia,2003,2003,%,69.9,
Colombia,2004,2004,%,70.2,
Colombia,2005,2005,%,70.5,
Colombia,2006,2006,%,70.9,
Colombia,2007,2007,%,71.1,
Colombia,2008,2008,%,71.3,
Colombia,2009,2009,%,71.5,
Colombia,2010,2010,%,71.6,
Colombia,2011,2011,%,71.8,
Colombia,2012,2012,%,72,
Colombia,2013,2013,%,72.2,
Colombia,2014,2014,%,72.3,
Colombia,2015,2015,%,72.5,
Colombia,2016,2016,%,72.6,
Colombia,2017,2017,%,72.7,
Colombia,2018,2018,%,72.9,
Colombia,2019,2019,%,73,
Colombia,2020,2020,%,73,
Congo,2000,2000,%,27.4,
Congo,2001,2001,%,27.6,
Congo,2002,2002,%,27.8,
Congo,2003,2003,%,28,
Congo,2004,2004,%,29.6,
Congo,2005,2005,%,31.2,
Congo,2006,2006,%,32.8,
Congo,2007,2007,%,34.5,
Congo,2008,2008,%,36.2,
Congo,2009,2009,%,37.9,
Congo,2010,2010,%,39.6,
Congo,2011,2011,%,41.4,
Congo,2012,2012,%,42.4,
Congo,2013,2013,%,43,
Congo,2014,2014,%,43.6,
Congo,2015,2015,%,44.2,
Congo,2016,2016,%,44.8,
Congo,2017,2017,%,45.4,
Congo,2018,2018,%,45.5,
Congo,2019,2019,%,45.7,
Congo,2020,2020,%,45.9,
Costa Rica,2000,2000,%,76.3,
Costa Rica,2001,2001,%,76.7,
Costa Rica,2002,2002,%,77,
Costa Rica,2003,2003,%,77.3,
Costa Rica,2004,2004,%,77.7,
Costa Rica,2005,2005,%,78,
Costa Rica,2006,2006,%,78.3,
Costa Rica,2007,2007,%,78.5,
Costa Rica,2008,2008,%,78.8,
Costa Rica,2009,2009,%,79,
Costa Rica,2010,2010,%,79.3,
Costa Rica,2011,2011,%,79.5,
Costa Rica,2012,2012,%,79.7,
Costa Rica,2013,2013,%,79.9,
Costa Rica,2014,2014,%,80.1,
Costa Rica,2015,2015,%,80.2,
Costa Rica,2016,2016,%,80.4,
Costa Rica,2017,2017,%,80.5,
Costa Rica,2018,2018,%,80.5,
Costa Rica,2019,2019,%,80.5,
Costa Rica,2020,2020,%,80.5,
Côte d'Ivoire,2000,2000,%,34.2,
Côte d'Ivoire,2001,2001,%,34.3,
Côte d'Ivoire,2002,2002,%,34.3,
Côte d'Ivoire,2003,2003,%,34.3,
Côte d'Ivoire,2004,2004,%,34.4,
Côte d'Ivoire,2005,2005,%,34.4,
Côte d'Ivoire,2006,2006,%,34.5,
Côte d'Ivoire,2007,2007,%,34.5,
Côte d'Ivoire,2008,2008,%,34.6,
Côte d'Ivoire,2009,2009,%,34.6,
Côte d'Ivoire,2010,2010,%,34.7,
Côte d'Ivoire,2011,2011,%,34.7,
Côte d'Ivoire,2012,2012,%,34.8,
Côte d'Ivoire,2013,2013,%,34.8,
Côte d'Ivoire,2014,2014,%,34.9,
Côte d'Ivoire,2015,2015,%,34.9,
Côte d'Ivoire,2016,2016,%,35,
Côte d'Ivoire,2017,2017,%,35,
Côte d'Ivoire,2018,2018,%,35.1,
Côte d'Ivoire,2019,2019,%,35.1,
Côte d'Ivoire,2020,2020,%,35.2,
Croatia,2000,2000,%,81.8,
Croatia,2001,2001,%,81.9,
Croatia,2002,2002,%,81.9,
Croatia,2003,2003,%,82,
Croatia,2004,2004,%,82,
Croatia,2005,2005,%,82.1,
Croatia,2006,2006,%,82.1,
Croatia,2007,2007,%,82.1,
Cyprus,2000,2000,%,95.6,
Cyprus,2001,2001,%,95.6,
Cyprus,2002,2002,%,95.6,
Cyprus,2003,2003,%,95.6,
Cyprus,2004,2004,%,95.9,
Cyprus,2005,2005,%,96.2,
Cyprus,2006,2006,%,96.5,
Cyprus,2007,2007,%,96.8,
Cyprus,2008,2008,%,97.1,
Cyprus,2009,2009,%,97.4,
Cyprus,2010,2010,%,97.7,
Cyprus,2011,2011,%,98,
Cyprus,2012,2012,%,98.3,
Cyprus,2013,2013,%,98.6,
Cyprus,2014,2014,%,98.9,
Cyprus,2015,2015,%,99,
Cyprus,2016,2016,%,99,
Cyprus,2017,2017,%,99,
Cyprus,2018,2018,%,99,
Cyprus,2019,2019,%,99,
Cyprus,2020,2020,%,99,
Czechia,2000,2000,%,96.3,
Czechia,2001,2001,%,96.3,
Czechia,2002,2002,%,96.4,
Czechia,2003,2003,%,96.6,
Czechia,2004,2004,%,96.7,
Czechia,2005,2005,%,96.8,
Czechia,2006,2006,%,96.9,
Czechia,2007,2007,%,97,
Czechia,2008,2008,%,97.2,
Czechia,2009,2009,%,97.3,
Czechia,2010,2010,%,97.4,
Czechia,2011,2011,%,97.5,
Czechia,2012,2012,%,97.6,
Czechia,2013,2013,%,97.8,
Czechia,2014,2014,%,97.9,
Czechia,2015,2015,%,97.9,
Czechia,2016,2016,%,97.9,
Czechia,2017,2017,%,97.9,
Czechia,2018,2018,%,97.9,
Czechia,2019,2019,%,97.9,
Czechia,2020,2020,%,97.9,
Democratic People's Republic of Korea,2000,2000,%,69,
Democratic People's Republic of Korea,2001,2001,%,69,
Democratic People's Republic of Korea,2002,2002,%,69,
Democratic People's Republic of Korea,2003,2003,%,69.1,
Democratic People's Republic of Korea,2004,2004,%,69,
Democratic People's Republic of Korea,2005,2005,%,68.8,
Democratic People's Republic of Korea,2006,2006,%,68.6,
Democratic People's Republic of Korea,2007,2007,%,68.4,
Democratic People's Republic of Korea,2008,2008,%,68.2,
Democratic People's Republic of Korea,2009,2009,%,68,
Democratic People's Republic of Korea,2010,2010,%,67.8,
Democratic People's Republic of Korea,2011,2011,%,67.7,
Democratic People's Republic of Korea,2012,2012,%,67.5,
Democratic People's Republic of Korea,2013,2013,%,67.3,
Democratic People's Republic of Korea,2014,2014,%,67.1,
Democratic People's Republic of Korea,2015,2015,%,67,
Democratic People's Republic of Korea,2016,2016,%,66.8,
Democratic People's Republic of Korea,2017,2017,%,66.6,
Democratic People's Republic of Korea,2018,2018,%,66.5,
Democratic People's Republic of Korea,2019,2019,%,66.3,
Democratic People's Republic of Korea,2020,2020,%,66.4,
Democratic Republic of the Congo,2000,2000,%,10,
Democratic Republic of the Congo,2001,2001,%,10.4,
Democratic Republic of the Congo,2002,2002,%,10.7,
Democratic Republic of the Congo,2003,2003,%,11.1,
Democratic Republic of the Congo,2004,2004,%,11.5,
Democratic Republic of the Congo,2005,2005,%,11.8,
Democratic Republic of the Congo,2006,2006,%,12.2,
Democratic Republic of the Congo,2007,2007,%,12.6,
Democratic Republic of the Congo,2008,2008,%,13.1,
Democratic Republic of the Congo,2009,2009,%,13.5,
Democratic Republic of the Congo,2010,2010,%,13.9,
Democratic Republic of the Congo,2011,2011,%,14.4,
Democratic Republic of the Congo,2012,2012,%,14.9,
Democratic Republic of the Congo,2013,2013,%,15.3,
Democratic Republic of the Congo,2014,2014,%,15.8,
Democratic Republic of the Congo,2015,2015,%,16.3,
Democratic Republic of the Congo,2016,2016,%,16.8,
Democratic Republic of the Congo,2017,2017,%,17.3,
Democratic Republic of the Congo,2018,2018,%,17.9,
Democratic Republic of the Congo,2019,2019,%,18.4,
Democratic Republic of the Congo,2020,2020,%,19,
Denmark,2000,2000,%,93.9,
Denmark,2001,2001,%,93.9,
Denmark,2002,2002,%,93.9,
Denmark,2003,2003,%,93.9,
Denmark,2004,2004,%,94.3,
Denmark,2005,2005,%,94.7,
Denmark,2006,2006,%,95.1,
Denmark,2007,2007,%,95.6,
Denmark,2008,2008,%,96,
Denmark,2009,2009,%,96.4,
Denmark,2010,2010,%,96.7,
Denmark,2011,2011,%,96.7,
Denmark,2012,2012,%,96.7,
Denmark,2013,2013,%,96.7,
Denmark,2014,2014,%,96.7,
Denmark,2015,2015,%,96.7,
Denmark,2016,2016,%,96.7,
Denmark,2017,2017,%,96.7,
Denmark,2018,2018,%,96.7,
Denmark,2019,2019,%,96.7,
Denmark,2020,2020,%,96.7,
Ecuador,2000,2000,%,58.2,
Ecuador,2001,2001,%,58.8,
Ecuador,2002,2002,%,59.3,
Ecuador,2003,2003,%,59.7,
Ecuador,2004,2004,%,60.2,
Ecuador,2005,2005,%,60.7,
Ecuador,2006,2006,%,61.2,
Ecuador,2007,2007,%,61.6,
Ecuador,2008,2008,%,62.1,
Ecuador,2009,2009,%,62.6,
Ecuador,2010,2010,%,63.1,
Ecuador,2011,2011,%,63.5,
Ecuador,2012,2012,%,64,
Ecuador,2013,2013,%,64.5,
Ecuador,2014,2014,%,64.9,
Ecuador,2015,2015,%,65.4,
Ecuador,2016,2016,%,65.8,
Ecuador,2017,2017,%,66.2,
Ecuador,2018,2018,%,66.4,
Ecuador,2019,2019,%,66.6,
Ecuador,2020,2020,%,66.8,
Estonia,2000,2000,%,93.6,
Estonia,2001,2001,%,93.8,
Estonia,2002,2002,%,93.9,
Estonia,2003,2003,%,94.1,
Estonia,2004,2004,%,94.3,
Estonia,2005,2005,%,94.5,
Estonia,2006,2006,%,94.7,
Estonia,2007,2007,%,95.2,
Estonia,2008,2008,%,95.4,
Estonia,2009,2009,%,95.5,
Estonia,2010,2010,%,95.7,
Estonia,2011,2011,%,95.9,
Estonia,2012,2012,%,96,
Estonia,2013,2013,%,96.1,
Estonia,2014,2014,%,96.1,
Estonia,2015,2015,%,96.1,
Estonia,2016,2016,%,95.8,
Estonia,2017,2017,%,95.8,
Estonia,2018,2018,%,95.8,
Estonia,2019,2019,%,95.8,
Estonia,2020,2020,%,95.8,
Ethiopia,2000,2000,%,5,
Ethiopia,2001,2001,%,5.4,
Ethiopia,2002,2002,%,5.5,
Ethiopia,2003,2003,%,5.7,
Ethiopia,2004,2004,%,5.9,
Ethiopia,2005,2005,%,6.2,
Ethiopia,2006,2006,%,6.4,
Ethiopia,2007,2007,%,6.7,
Ethiopia,2008,2008,%,7,
Ethiopia,2009,2009,%,7.4,
Ethiopia,2010,2010,%,7.8,
Ethiopia,2011,2011,%,8.2,
Ethiopia,2012,2012,%,8.6,
Ethiopia,2013,2013,%,9,
Ethiopia,2014,2014,%,9.5,
Ethiopia,2015,2015,%,10,
Ethiopia,2016,2016,%,10.5,
Ethiopia,2017,2017,%,11,
Ethiopia,2018,2018,%,11.5,
Ethiopia,2019,2019,%,12,
Ethiopia,2020,2020,%,12.6,
Finland,2000,2000,%,93.5,
Finland,2001,2001,%,93.9,
Finland,2002,2002,%,94.4,
Finland,2003,2003,%,94.8,
Finland,2004,2004,%,95.2,
Finland,2005,2005,%,95.7,
Finland,2006,2006,%,96.1,
Finland,2007,2007,%,96.6,
Finland,2008,2008,%,97,
Finland,2009,2009,%,97.4,
Finland,2010,2010,%,97.9,
Finland,2011,2011,%,98.3,
Finland,2012,2012,%,98.7,
Finland,2013,2013,%,99,
Finland,2014,2014,%,99,
Finland,2015,2015,%,99,
Finland,2016,2016,%,99,
Finland,2017,2017,%,99,
Finland,2018,2018,%,99,
Finland,2019,2019,%,99,
Finland,2020,2020,%,99,
France,2000,2000,%,96.4,
France,2001,2001,%,96.5,
France,2002,2002,%,96.5,
France,2003,2003,%,96.5,
France,2004,2004,%,96.7,
France,2005,2005,%,96.8,
France,2006,2006,%,97,
France,2007,2007,%,97.2,
France,2008,2008,%,97.4,
France,2009,2009,%,97.6,
France,2010,2010,%,97.8,
France,2011,2011,%,98,
France,2012,2012,%,98.2,
France,2013,2013,%,98.3,
France,2014,2014,%,98.5,
France,2015,2015,%,98.7,
France,2016,2016,%,98.9,
France,2017,2017,%,99,
France,2018,2018,%,99,
France,2019,2019,%,99,
France,2020,2020,%,99,
French Polynesia,2000,2000,%,91.8,
French Polynesia,2001,2001,%,91.8,
French Polynesia,2002,2002,%,91.8,
French Polynesia,2003,2003,%,91.8,
French Polynesia,2004,2004,%,91.8,
French Polynesia,2005,2005,%,91.8,
French Polynesia,2006,2006,%,91.8,
French Polynesia,2007,2007,%,91.8,
French Polynesia,2008,2008,%,91.8,
French Polynesia,2009,2009,%,91.8,
French Polynesia,2010,2010,%,91.8,
French Polynesia,2011,2011,%,91,
French Polynesia,2012,2012,%,90.2,
French Polynesia,2013,2013,%,89.4,
French Polynesia,2014,2014,%,88.6,
French Polynesia,2015,2015,%,87.8,
French Polynesia,2016,2016,%,87,
French Polynesia,2017,2017,%,86.2,
French Polynesia,2018,2018,%,85.4,
French Polynesia,2019,2019,%,84.6,
French Polynesia,2020,2020,%,83.9,
Gambia,2000,2000,%,23.5,
Gambia,2001,2001,%,24.5,
Gambia,2002,2002,%,25.5,
Gambia,2003,2003,%,26.5,
Gambia,2004,2004,%,27.5,
Gambia,2005,2005,%,28.5,
Gambia,2006,2006,%,29.5,
Gambia,2007,2007,%,30.6,
Gambia,2008,2008,%,31.6,
Gambia,2009,2009,%,32.7,
Gambia,2010,2010,%,33.7,
Gambia,2011,2011,%,34.8,
Gambia,2012,2012,%,35.9,
Gambia,2013,2013,%,37.1,
Gambia,2014,2014,%,38.2,
Gambia,2015,2015,%,39.3,
Gambia,2016,2016,%,40.5,
Gambia,2017,2017,%,41.6,
Gambia,2018,2018,%,42.8,
Gambia,2019,2019,%,44,
Gambia,2020,2020,%,44.7,
Georgia,2000,2000,%,62.3,
Georgia,2001,2001,%,62.2,
Georgia,2002,2002,%,62.3,
Georgia,2003,2003,%,62.5,
Georgia,2004,2004,%,62.7,
Georgia,2005,2005,%,63,
Georgia,2006,2006,%,63.2,
Georgia,2007,2007,%,63.4,
Georgia,2008,2008,%,63.7,
Georgia,2009,2009,%,63.9,
Georgia,2010,2010,%,64.1,
Georgia,2011,2011,%,64.3,
Georgia,2012,2012,%,64.5,
Georgia,2013,2013,%,64.8,
Georgia,2014,2014,%,65,
Georgia,2015,2015,%,65.2,
Georgia,2016,2016,%,65.4,
Georgia,2017,2017,%,65.7,
Georgia,2018,2018,%,65.9,
Georgia,2019,2019,%,66.1,
Georgia,2020,2020,%,66.4,
Germany,2000,2000,%,99,
Germany,2001,2001,%,99,
Germany,2002,2002,%,99,
Germany,2003,2003,%,99,
Germany,2004,2004,%,99,
Germany,2005,2005,%,99,
Germany,2006,2006,%,99,
Germany,2007,2007,%,99,
Germany,2008,2008,%,99,
Germany,2009,2009,%,99,
Germany,2010,2010,%,99,
Germany,2011,2011,%,99,
Germany,2012,2012,%,99,
Germany,2013,2013,%,99,
Germany,2014,2014,%,99,
Germany,2015,2015,%,99,
Germany,2016,2016,%,99,
Germany,2017,2017,%,99,
Germany,2018,2018,%,99,
Germany,2019,2019,%,99,
Germany,2020,2020,%,99,
Ghana,2000,2000,%,13.3,
Ghana,2001,2001,%,13.6,
Ghana,2002,2002,%,14.5,
Ghana,2003,2003,%,15.8,
Ghana,2004,2004,%,17.1,
Ghana,2005,2005,%,18.4,
Ghana,2006,2006,%,19.7,
Ghana,2007,2007,%,21.1,
Ghana,2008,2008,%,22.5,
Ghana,2009,2009,%,23.9,
Ghana,2010,2010,%,25.4,
Ghana,2011,2011,%,26.9,
Ghana,2012,2012,%,28.4,
Ghana,2013,2013,%,29.9,
Ghana,2014,2014,%,31.5,
Ghana,2015,2015,%,33.1,
Ghana,2016,2016,%,34.7,
Ghana,2017,2017,%,36.3,
Ghana,2018,2018,%,38,
Ghana,2019,2019,%,39.7,
Ghana,2020,2020,%,41.4,
Greece,2000,2000,%,98.8,
Greece,2001,2001,%,98.8,
Greece,2002,2002,%,98.8,
Greece,2003,2003,%,98.9,
Greece,2004,2004,%,98.9,
Greece,2005,2005,%,99,
Greece,2006,2006,%,99,
Greece,2007,2007,%,99,
Greece,2008,2008,%,99,
Greece,2009,2009,%,99,
Greece,2010,2010,%,99,
Greece,2011,2011,%,99,
Greece,2012,2012,%,99,
Greece,2013,2013,%,99,
Greece,2014,2014,%,99,
Greece,2015,2015,%,99,
Greece,2016,2016,%,99,
Greece,2017,2017,%,99,
Greece,2018,2018,%,99,
Greece,2019,2019,%,99,
Greece,2020,2020,%,99,
Greenland,2000,2000,%,93.6,
Greenland,2001,2001,%,93.6,
Greenland,2002,2002,%,93.6,
Greenland,2003,2003,%,93.6,
Greenland,2004,2004,%,94,
Greenland,2005,2005,%,94.5,
Greenland,2006,2006,%,95,
Greenland,2007,2007,%,95.4,
Greenland,2008,2008,%,95.9,
Greenland,2009,2009,%,96.4,
Greenland,2010,2010,%,96.8,
Greenland,2011,2011,%,96.8,
Greenland,2012,2012,%,96.8,
Greenland,2013,2013,%,96.8,
Greenland,2014,2014,%,96.8,
Greenland,2015,2015,%,96.8,
Greenland,2016,2016,%,96.8,
Greenland,2017,2017,%,96.7,
Greenland,2018,2018,%,96.7,
Greenland,2019,2019,%,96.7,
Greenland,2020,2020,%,96.7,
Grenada,2000,2000,%,78.7,
Grenada,2001,2001,%,79.6,
Grenada,2002,2002,%,80.5,
Grenada,2003,2003,%,81.4,
Grenada,2004,2004,%,82.3,
Grenada,2005,2005,%,83.2,
Grenada,2006,2006,%,84.1,
Grenada,2007,2007,%,85,
Grenada,2008,2008,%,85.9,
Grenada,2009,2009,%,86.9,
Grenada,2010,2010,%,87.1,
Grenada,2011,2011,%,87.3,
Grenada,2012,2012,%,87.4,
Grenada,2013,2013,%,87.1,
Grenada,2014,2014,%,87.1,
Grenada,2015,2015,%,87.1,
Grenada,2016,2016,%,87.1,
Grenada,2017,2017,%,87.1,
Guatemala,2000,2000,%,46.8,
Guatemala,2001,2001,%,47.3,
Guatemala,2002,2002,%,47.7,
Guatemala,2003,2003,%,48.2,
Guatemala,2004,2004,%,48.7,
Guatemala,2005,2005,%,49.2,
Guatemala,2006,2006,%,49.7,
Guatemala,2007,2007,%,50.2,
Guatemala,2008,2008,%,50.7,
Guatemala,2009,2009,%,51.2,
Guatemala,2010,2010,%,51.7,
Guatemala,2011,2011,%,52.2,
Guatemala,2012,2012,%,52.7,
Guatemala,2013,2013,%,53.2,
Guatemala,2014,2014,%,53.7,
Guatemala,2015,2015,%,54.2,
Guatemala,2016,2016,%,54.8,
Guatemala,2017,2017,%,55,
Guatemala,2018,2018,%,55.3,
Guatemala,2019,2019,%,55.6,
Guatemala,2020,2020,%,55.8,
Guinea-Bissau,2000,2000,%,17.6,
Guinea-Bissau,2001,2001,%,17.9,
Guinea-Bissau,2002,2002,%,18.3,
Guinea-Bissau,2003,2003,%,18.6,
Guinea-Bissau,2004,2004,%,18.9,
Guinea-Bissau,2005,2005,%,19.3,
Guinea-Bissau,2006,2006,%,19.6,
Guinea-Bissau,2007,2007,%,19.9,
Guinea-Bissau,2008,2008,%,20.3,
Guinea-Bissau,2009,2009,%,20.6,
Guinea-Bissau,2010,2010,%,20.9,
Guinea-Bissau,2011,2011,%,21.3,
Guinea-Bissau,2012,2012,%,21.6,
Guinea-Bissau,2013,2013,%,22,
Guinea-Bissau,2014,2014,%,22.3,
Guinea-Bissau,2015,2015,%,22.6,
Guinea-Bissau,2016,2016,%,23,
Guinea-Bissau,2017,2017,%,23.3,
Guinea-Bissau,2018,2018,%,23.7,
Guinea-Bissau,2019,2019,%,24,
Guinea-Bissau,2020,2020,%,24.3,
Hungary,2000,2000,%,92.2,
Hungary,2001,2001,%,92.2,
Hungary,2002,2002,%,92.2,
Hungary,2003,2003,%,92.2,
Hungary,2004,2004,%,92.3,
Hungary,2005,2005,%,92.3,
Hungary,2006,2006,%,92.3,
Hungary,2007,2007,%,92.3,
Hungary,2008,2008,%,92.4,
Hungary,2009,2009,%,92.4,
Hungary,2010,2010,%,92.4,
Hungary,2011,2011,%,92.4,
Hungary,2012,2012,%,92.4,
Hungary,2013,2013,%,92.5,
Hungary,2014,2014,%,92.5,
Hungary,2015,2015,%,92.5,
Hungary,2016,2016,%,92.5,
Hungary,2017,2017,%,92.5,
Hungary,2018,2018,%,92.6,
Hungary,2019,2019,%,92.6,
Hungary,2020,2020,%,92.6,
Iceland,2000,2000,%,89.5,
Iceland,2001,2001,%,90.2,
Iceland,2002,2002,%,90.8,
Iceland,2003,2003,%,91.4,
Iceland,2004,2004,%,92,
Iceland,2005,2005,%,92.7,
Iceland,2006,2006,%,93.3,
Iceland,2007,2007,%,93.9,
Iceland,2008,2008,%,94.6,
Iceland,2009,2009,%,95.2,
Iceland,2010,2010,%,95.8,
Iceland,2011,2011,%,96.4,
Iceland,2012,2012,%,97.1,
Iceland,2013,2013,%,97.7,
Iceland,2014,2014,%,98.3,
Iceland,2015,2015,%,98.9,
Iceland,2016,2016,%,99,
Iceland,2017,2017,%,99,
Iceland,2018,2018,%,99,
Iceland,2019,2019,%,99,
Iceland,2020,2020,%,99,
Iran (Islamic Republic of),2000,2000,%,90.3,
Iran (Islamic Republic of),2001,2001,%,90.6,
Iran (Islamic Republic of),2002,2002,%,90.8,
Iran (Islamic Republic of),2003,2003,%,91,
Iran (Islamic Republic of),2004,2004,%,91.2,
Iran (Islamic Republic of),2005,2005,%,91.4,
Iran (Islamic Republic of),2006,2006,%,91.6,
Iran (Islamic Republic of),2007,2007,%,91.8,
Iran (Islamic Republic of),2008,2008,%,92,
Iran (Islamic Republic of),2009,2009,%,92.2,
Iran (Islamic Republic of),2010,2010,%,92.4,
Iran (Islamic Republic of),2011,2011,%,92.6,
Iran (Islamic Republic of),2012,2012,%,92.7,
Iran (Islamic Republic of),2013,2013,%,92.9,
Iran (Islamic Republic of),2014,2014,%,93.1,
Iran (Islamic Republic of),2015,2015,%,93.2,
Iran (Islamic Republic of),2016,2016,%,93.4,
Iran (Islamic Republic of),2017,2017,%,93.5,
Iran (Islamic Republic of),2018,2018,%,93.7,
Iran (Islamic Republic of),2019,2019,%,93.8,
Iran (Islamic Republic of),2020,2020,%,94,
Iraq,2000,2000,%,50.2,
Iraq,2001,2001,%,50.7,
Iraq,2002,2002,%,51.2,
Iraq,2003,2003,%,51.7,
Iraq,2004,2004,%,52.1,
Iraq,2005,2005,%,52.6,
Iraq,2006,2006,%,53.1,
Iraq,2007,2007,%,53.6,
Iraq,2008,2008,%,54,
Iraq,2009,2009,%,54.5,
Iraq,2010,2010,%,55,
Iraq,2011,2011,%,55.5,
Iraq,2012,2012,%,56,
Iraq,2013,2013,%,56.5,
Iraq,2014,2014,%,56.9,
Iraq,2015,2015,%,57.4,
Iraq,2016,2016,%,57.9,
Iraq,2017,2017,%,58.4,
Iraq,2018,2018,%,58.9,
Iraq,2019,2019,%,59.4,
Iraq,2020,2020,%,59.7,
Ireland,2000,2000,%,93.5,
Ireland,2001,2001,%,93.7,
Ireland,2002,2002,%,93.9,
Ireland,2003,2003,%,94.1,
Ireland,2004,2004,%,94.4,
Ireland,2005,2005,%,94.6,
Ireland,2006,2006,%,94.8,
Ireland,2007,2007,%,95,
Ireland,2008,2008,%,95.2,
Ireland,2009,2009,%,95.5,
Ireland,2010,2010,%,95.7,
Ireland,2011,2011,%,95.9,
Ireland,2012,2012,%,96.1,
Ireland,2013,2013,%,96.3,
Ireland,2014,2014,%,96.6,
Ireland,2015,2015,%,96.8,
Ireland,2016,2016,%,97,
Ireland,2017,2017,%,97.2,
Ireland,2018,2018,%,97.3,
Ireland,2019,2019,%,97.3,
Ireland,2020,2020,%,97.3,
Israel,2000,2000,%,99,
Israel,2001,2001,%,99,
Israel,2002,2002,%,99,
Israel,2003,2003,%,99,
Israel,2004,2004,%,99,
Israel,2005,2005,%,99,
Israel,2006,2006,%,99,
Israel,2007,2007,%,99,
Israel,2008,2008,%,99,
Israel,2009,2009,%,99,
Israel,2010,2010,%,99,
Israel,2011,2011,%,99,
Israel,2012,2012,%,99,
Israel,2013,2013,%,99,
Israel,2014,2014,%,99,
Israel,2015,2015,%,99,
Israel,2016,2016,%,99,
Israel,2017,2017,%,99,
Israel,2018,2018,%,99,
Israel,2019,2019,%,99,
Israel,2020,2020,%,99,
Italy,2000,2000,%,94.8,
Italy,2001,2001,%,95,
Italy,2002,2002,%,95.2,
Italy,2003,2003,%,95.4,
Italy,2004,2004,%,95.6,
Italy,2005,2005,%,95.9,
Italy,2006,2006,%,96.1,
Italy,2007,2007,%,96.1,
Italy,2008,2008,%,96.1,
Italy,2009,2009,%,96,
Italy,2010,2010,%,96,
Italy,2011,2011,%,96,
Italy,2012,2012,%,95.9,
Italy,2013,2013,%,95.9,
Italy,2014,2014,%,95.9,
Italy,2015,2015,%,95.8,
Italy,2016,2016,%,95.8,
Italy,2017,2017,%,95.8,
Italy,2018,2018,%,95.8,
Italy,2019,2019,%,95.8,
Italy,2020,2020,%,95.8,
Japan,2000,2000,%,97.9,
Japan,2001,2001,%,97.9,
Japan,2002,2002,%,97.9,
Japan,2003,2003,%,97.9,
Japan,2004,2004,%,97.9,
Japan,2005,2005,%,97.9,
Japan,2006,2006,%,97.9,
Japan,2007,2007,%,98,
Japan,2008,2008,%,98,
Japan,2009,2009,%,98.1,
Japan,2010,2010,%,98.1,
Japan,2011,2011,%,98.2,
Japan,2012,2012,%,98.2,
Japan,2013,2013,%,98.3,
Japan,2014,2014,%,98.3,
Japan,2015,2015,%,98.4,
Japan,2016,2016,%,98.4,
Japan,2017,2017,%,98.5,
Japan,2018,2018,%,98.5,
Japan,2019,2019,%,98.6,
Japan,2020,2020,%,98.6,
Jordan,2000,2000,%,53.8,
Jordan,2001,2001,%,53.7,
Jordan,2002,2002,%,53.7,
Jordan,2003,2003,%,53.7,
Jordan,2004,2004,%,53.7,
Jordan,2005,2005,%,53.7,
Jordan,2006,2006,%,55.7,
Jordan,2007,2007,%,57.8,
Jordan,2008,2008,%,60,
Jordan,2009,2009,%,62.1,
Jordan,2010,2010,%,64.2,
Jordan,2011,2011,%,66.3,
Jordan,2012,2012,%,68.4,
Jordan,2013,2013,%,70.6,
Jordan,2014,2014,%,72.7,
Jordan,2015,2015,%,74.9,
Jordan,2016,2016,%,77,
Jordan,2017,2017,%,79.2,
Jordan,2018,2018,%,81.4,
Jordan,2019,2019,%,83.5,
Jordan,2020,2020,%,85.7,
Kazakhstan,2000,2000,%,63.1,
Kazakhstan,2001,2001,%,63.4,
Kazakhstan,2002,2002,%,64.9,
Kazakhstan,2003,2003,%,66.5,
Kazakhstan,2004,2004,%,68.1,
Kazakhstan,2005,2005,%,69.7,
Kazakhstan,2006,2006,%,71.3,
Kazakhstan,2007,2007,%,72.9,
Kazakhstan,2008,2008,%,74.6,
Kazakhstan,2009,2009,%,76.2,
Kazakhstan,2010,2010,%,77.9,
Kazakhstan,2011,2011,%,79.6,
Kazakhstan,2012,2012,%,81.2,
Kazakhstan,2013,2013,%,82.9,
Kazakhstan,2014,2014,%,84.5,
Kazakhstan,2015,2015,%,86.1,
Kazakhstan,2016,2016,%,87.7,
Kazakhstan,2017,2017,%,89.3,
Kazakhstan,2018,2018,%,89.3,
Kazakhstan,2019,2019,%,89.3,
Kazakhstan,2020,2020,%,89.3,
Kiribati,2000,2000,%,10,
Kiribati,2001,2001,%,10.2,
Kiribati,2002,2002,%,10.3,
Kiribati,2003,2003,%,10.5,
Kiribati,2004,2004,%,10.6,
Kiribati,2005,2005,%,10.8,
Kiribati,2006,2006,%,11,
Kiribati,2007,2007,%,11.2,
Kiribati,2008,2008,%,11.5,
Kiribati,2009,2009,%,11.7,
Kiribati,2010,2010,%,12,
Kiribati,2011,2011,%,12.3,
Kiribati,2012,2012,%,12.5,
Kiribati,2013,2013,%,12.8,
Kiribati,2014,2014,%,13.1,
Kiribati,2015,2015,%,13.3,
Kiribati,2016,2016,%,13.6,
Kiribati,2017,2017,%,13.9,
Kiribati,2018,2018,%,14.1,
Kiribati,2019,2019,%,14.4,
Kiribati,2020,2020,%,14.7,
Kuwait,2000,2000,%,99,
Kuwait,2001,2001,%,99,
Kuwait,2002,2002,%,99,
Kuwait,2003,2003,%,99,
Kuwait,2004,2004,%,99,
Kuwait,2005,2005,%,99,
Kuwait,2006,2006,%,99,
Kuwait,2007,2007,%,99,
Kuwait,2008,2008,%,99,
Kuwait,2009,2009,%,99,
Kuwait,2010,2010,%,99,
Kuwait,2011,2011,%,99,
Kuwait,2012,2012,%,99,
Kuwait,2013,2013,%,99,
Kuwait,2014,2014,%,99,
Kuwait,2015,2015,%,99,
Kuwait,2016,2016,%,99,
Kuwait,2017,2017,%,99,
Kuwait,2018,2018,%,99,
Kuwait,2019,2019,%,99,
Kuwait,2020,2020,%,99,
Kyrgyzstan,2000,2000,%,46,
Kyrgyzstan,2001,2001,%,46,
Kyrgyzstan,2002,2002,%,46.3,
Kyrgyzstan,2003,2003,%,46.6,
Kyrgyzstan,2004,2004,%,46.9,
Kyrgyzstan,2005,2005,%,48.6,
Kyrgyzstan,2006,2006,%,50.3,
Kyrgyzstan,2007,2007,%,52.1,
Kyrgyzstan,2008,2008,%,53.9,
Kyrgyzstan,2009,2009,%,55.7,
Kyrgyzstan,2010,2010,%,57.5,
Kyrgyzstan,2011,2011,%,59.4,
Kyrgyzstan,2012,2012,%,61.3,
Kyrgyzstan,2013,2013,%,62.9,
Kyrgyzstan,2014,2014,%,64.6,
Kyrgyzstan,2015,2015,%,66.3,
Kyrgyzstan,2016,2016,%,68,
Kyrgyzstan,2017,2017,%,68.4,
Kyrgyzstan,2018,2018,%,68.8,
Kyrgyzstan,2019,2019,%,69.3,
Kyrgyzstan,2020,2020,%,70.1,
Lao People's Democratic Republic,2000,2000,%,4.9,
Lao People's Democratic Republic,2001,2001,%,6.7,
Lao People's Democratic Republic,2002,2002,%,8.6,
Lao People's Democratic Republic,2003,2003,%,10.6,
Lao People's Democratic Republic,2004,2004,%,11.1,
Lao People's Democratic Republic,2005,2005,%,11.6,
Lao People's Democratic Republic,2006,2006,%,12,
Lao People's Democratic Republic,2007,2007,%,12.5,
Lao People's Democratic Republic,2008,2008,%,12.9,
Lao People's Democratic Republic,2009,2009,%,13.3,
Lao People's Democratic Republic,2010,2010,%,13.7,
Lao People's Democratic Republic,2011,2011,%,14.2,
Lao People's Democratic Republic,2012,2012,%,14.6,
Lao People's Democratic Republic,2013,2013,%,15,
Lao People's Democratic Republic,2014,2014,%,15.4,
Lao People's Democratic Republic,2015,2015,%,15.9,
Lao People's Democratic Republic,2016,2016,%,16.3,
Lao People's Democratic Republic,2017,2017,%,16.7,
Lao People's Democratic Republic,2018,2018,%,17.2,
Lao People's Democratic Republic,2019,2019,%,17.6,
Lao People's Democratic Republic,2020,2020,%,17.7,
Latvia,2000,2000,%,92.5,
Latvia,2001,2001,%,92.5,
Latvia,2002,2002,%,92.6,
Latvia,2003,2003,%,92.6,
Latvia,2004,2004,%,92.7,
Latvia,2005,2005,%,92.7,
Latvia,2006,2006,%,92.8,
Latvia,2007,2007,%,93,
Latvia,2008,2008,%,93.3,
Latvia,2009,2009,%,93.5,
Latvia,2010,2010,%,93.7,
Latvia,2011,2011,%,94,
Latvia,2012,2012,%,94.3,
Latvia,2013,2013,%,94.5,
Latvia,2014,2014,%,94.8,
Latvia,2015,2015,%,95,
Latvia,2016,2016,%,95.3,
Latvia,2017,2017,%,95.5,
Latvia,2018,2018,%,95.8,
Latvia,2019,2019,%,96,
Latvia,2020,2020,%,96.3,
Lebanon,2000,2000,%,44.2,
Lebanon,2001,2001,%,44.4,
Lebanon,2002,2002,%,44.6,
Lebanon,2003,2003,%,44.8,
Lebanon,2004,2004,%,45,
Lebanon,2005,2005,%,45.2,
Lebanon,2006,2006,%,45.3,
Lebanon,2007,2007,%,45.5,
Lebanon,2008,2008,%,45.7,
Lebanon,2009,2009,%,45.9,
Lebanon,2010,2010,%,46.1,
Lebanon,2011,2011,%,46.3,
Lebanon,2012,2012,%,46.4,
Lebanon,2013,2013,%,46.6,
Lebanon,2014,2014,%,46.8,
Lebanon,2015,2015,%,47,
Lebanon,2016,2016,%,47.2,
Lebanon,2017,2017,%,47.4,
Lebanon,2018,2018,%,47.5,
Lebanon,2019,2019,%,47.7,
Lebanon,2020,2020,%,47.7,
Lesotho,2000,2000,%,8.8,
Lesotho,2001,2001,%,9.7,
Lesotho,2002,2002,%,10.6,
Lesotho,2003,2003,%,11.5,
Lesotho,2004,2004,%,12.5,
Lesotho,2005,2005,%,13.4,
Lesotho,2006,2006,%,14.4,
Lesotho,2007,2007,%,15.4,
Lesotho,2008,2008,%,16.3,
Lesotho,2009,2009,%,17.4,
Lesotho,2010,2010,%,18.4,
Lesotho,2011,2011,%,19.4,
Lesotho,2012,2012,%,20.4,
Lesotho,2013,2013,%,21.4,
Lesotho,2014,2014,%,22.5,
Lesotho,2015,2015,%,23.5,
Lesotho,2016,2016,%,24.6,
Lesotho,2017,2017,%,25.6,
Lesotho,2018,2018,%,26.7,
Lesotho,2019,2019,%,27.9,
Lesotho,2020,2020,%,28.9,
Lithuania,2000,2000,%,67.2,
Lithuania,2001,2001,%,67.5,
Lithuania,2002,2002,%,67.9,
Lithuania,2003,2003,%,68.2,
Lithuania,2004,2004,%,70.2,
Lithuania,2005,2005,%,72.3,
Lithuania,2006,2006,%,74.3,
Lithuania,2007,2007,%,76.4,
Lithuania,2008,2008,%,78.5,
Lithuania,2009,2009,%,80.6,
Lithuania,2010,2010,%,82.7,
Lithuania,2011,2011,%,84.9,
Lithuania,2012,2012,%,87,
Lithuania,2013,2013,%,89.2,
Lithuania,2014,2014,%,91.4,
Lithuania,2015,2015,%,93.5,
Lithuania,2016,2016,%,94,
Lithuania,2017,2017,%,94.4,
Lithuania,2018,2018,%,94.9,
Lithuania,2019,2019,%,94.9,
Lithuania,2020,2020,%,94.9,
Luxembourg,2000,2000,%,99,
Luxembourg,2001,2001,%,99,
Luxembourg,2002,2002,%,99,
Luxembourg,2003,2003,%,99,
Luxembourg,2004,2004,%,99,
Luxembourg,2005,2005,%,99,
Luxembourg,2006,2006,%,99,
Luxembourg,2007,2007,%,99,
Luxembourg,2008,2008,%,99,
Luxembourg,2009,2009,%,99,
Luxembourg,2010,2010,%,99,
Luxembourg,2011,2011,%,99,
Luxembourg,2012,2012,%,99,
Luxembourg,2013,2013,%,99,
Luxembourg,2014,2014,%,99,
Luxembourg,2015,2015,%,99,
Luxembourg,2016,2016,%,99,
Luxembourg,2017,2017,%,99,
Luxembourg,2018,2018,%,99,
Luxembourg,2019,2019,%,99,
Luxembourg,2020,2020,%,99,
Madagascar,2000,2000,%,6.7,
Madagascar,2001,2001,%,7.3,
Madagascar,2002,2002,%,7.9,
Madagascar,2003,2003,%,8.5,
Madagascar,2004,2004,%,9.1,
Madagascar,2005,2005,%,9.9,
Madagascar,2006,2006,%,10.6,
Madagascar,2007,2007,%,11.4,
Madagascar,2008,2008,%,12.1,
Madagascar,2009,2009,%,12.9,
Madagascar,2010,2010,%,13.8,
Madagascar,2011,2011,%,14.6,
Madagascar,2012,2012,%,15.5,
Madagascar,2013,2013,%,16.1,
Madagascar,2014,2014,%,16.7,
Madagascar,2015,2015,%,17.3,
Madagascar,2016,2016,%,17.9,
Madagascar,2017,2017,%,18.5,
Madagascar,2018,2018,%,19.2,
Madagascar,2019,2019,%,19.9,
Madagascar,2020,2020,%,20.5,
Malaysia,2000,2000,%,92.6,
Malaysia,2001,2001,%,92.7,
Malaysia,2002,2002,%,92.8,
Malaysia,2003,2003,%,92.8,
Malaysia,2004,2004,%,92.9,
Malaysia,2005,2005,%,93,
Malaysia,2006,2006,%,93,
Malaysia,2007,2007,%,93.1,
Malaysia,2008,2008,%,93.2,
Malaysia,2009,2009,%,93.2,
Malaysia,2010,2010,%,93.3,
Malaysia,2011,2011,%,93.4,
Malaysia,2012,2012,%,93.4,
Malaysia,2013,2013,%,93.5,
Malaysia,2014,2014,%,93.5,
Malaysia,2015,2015,%,93.6,
Malaysia,2016,2016,%,93.6,
Malaysia,2017,2017,%,93.7,
Malaysia,2018,2018,%,93.7,
Malaysia,2019,2019,%,93.8,
Malaysia,2020,2020,%,93.8,
Malta,2000,2000,%,99,
Malta,2001,2001,%,99,
Malta,2002,2002,%,99,
Malta,2003,2003,%,99,
Malta,2004,2004,%,99,
Malta,2005,2005,%,99,
Malta,2006,2006,%,99,
Malta,2007,2007,%,99,
Malta,2008,2008,%,99,
Malta,2009,2009,%,99,
Malta,2010,2010,%,99,
Malta,2011,2011,%,99,
Malta,2012,2012,%,99,
Malta,2013,2013,%,99,
Malta,2014,2014,%,99,
Malta,2015,2015,%,99,
Malta,2016,2016,%,99,
Malta,2017,2017,%,99,
Malta,2018,2018,%,99,
Malta,2019,2019,%,99,
Malta,2020,2020,%,99,
Mexico,2000,2000,%,39.3,
Mexico,2001,2001,%,39.5,
Mexico,2002,2002,%,39.7,
Mexico,2003,2003,%,39.9,
Mexico,2004,2004,%,40.2,
Mexico,2005,2005,%,40.4,
Mexico,2006,2006,%,40.6,
Mexico,2007,2007,%,40.8,
Mexico,2008,2008,%,41,
Mexico,2009,2009,%,41.2,
Mexico,2010,2010,%,41.4,
Mexico,2011,2011,%,41.6,
Mexico,2012,2012,%,41.7,
Mexico,2013,2013,%,41.9,
Mexico,2014,2014,%,42.1,
Mexico,2015,2015,%,42.3,
Mexico,2016,2016,%,42.5,
Mexico,2017,2017,%,42.7,
Mexico,2018,2018,%,42.8,
Mexico,2019,2019,%,42.9,
Mexico,2020,2020,%,43,
Mongolia,2000,2000,%,20.6,
Mongolia,2001,2001,%,21.2,
Mongolia,2002,2002,%,21.8,
Mongolia,2003,2003,%,22.4,
Mongolia,2004,2004,%,23,
Mongolia,2005,2005,%,23.6,
Mongolia,2006,2006,%,24.2,
Mongolia,2007,2007,%,24.8,
Mongolia,2008,2008,%,25.4,
Mongolia,2009,2009,%,26,
Mongolia,2010,2010,%,26.6,
Mongolia,2011,2011,%,27,
Mongolia,2012,2012,%,27.3,
Mongolia,2013,2013,%,27.7,
Mongolia,2014,2014,%,28,
Mongolia,2015,2015,%,28.3,
Mongolia,2016,2016,%,28.6,
Mongolia,2017,2017,%,29,
Mongolia,2018,2018,%,29.3,
Mongolia,2019,2019,%,29.7,
Mongolia,2020,2020,%,30.1,
Montenegro,2006,2006,%,83.9,
Montenegro,2007,2007,%,84,
Montenegro,2008,2008,%,84.1,
Montenegro,2009,2009,%,84.2,
Montenegro,2010,2010,%,84.3,
Montenegro,2011,2011,%,84.4,
Montenegro,2012,2012,%,84.4,
Montenegro,2013,2013,%,84.5,
Montenegro,2014,2014,%,84.6,
Montenegro,2015,2015,%,84.7,
Montenegro,2016,2016,%,84.8,
Montenegro,2017,2017,%,84.9,
Montenegro,2018,2018,%,85,
Montenegro,2019,2019,%,85,
Montenegro,2020,2020,%,85.1,
Morocco,2000,2000,%,53.8,
Morocco,2001,2001,%,54.7,
Morocco,2002,2002,%,55.6,
Morocco,2003,2003,%,56.5,
Morocco,2004,2004,%,57.3,
Morocco,2005,2005,%,58.3,
Morocco,2006,2006,%,59.3,
Morocco,2007,2007,%,60.3,
Morocco,2008,2008,%,61.3,
Morocco,2009,2009,%,62.2,
Morocco,2010,2010,%,64.1,
Morocco,2011,2011,%,65.9,
Morocco,2012,2012,%,67.5,
Morocco,2013,2013,%,69,
Morocco,2014,2014,%,70.5,
Morocco,2015,2015,%,72.1,
Morocco,2016,2016,%,73.7,
Morocco,2017,2017,%,75.2,
Morocco,2018,2018,%,76.8,
Morocco,2019,2019,%,78.4,
Morocco,2020,2020,%,79.9,
Myanmar,2000,2000,%,27.1,
Myanmar,2001,2001,%,28.6,
Myanmar,2002,2002,%,30.2,
Myanmar,2003,2003,%,31.7,
Myanmar,2004,2004,%,33.4,
Myanmar,2005,2005,%,35,
Myanmar,2006,2006,%,36.7,
Myanmar,2007,2007,%,38.4,
Myanmar,2008,2008,%,40.1,
Myanmar,2009,2009,%,41.9,
Myanmar,2010,2010,%,43.7,
Myanmar,2011,2011,%,45.3,
Myanmar,2012,2012,%,46.8,
Myanmar,2013,2013,%,48.3,
Myanmar,2014,2014,%,49.8,
Myanmar,2015,2015,%,51.3,
Myanmar,2016,2016,%,52.8,
Myanmar,2017,2017,%,54.4,
Myanmar,2018,2018,%,56,
Myanmar,2019,2019,%,57.6,
Myanmar,2020,2020,%,58.8,
Nepal,2000,2000,%,26.8,
Nepal,2001,2001,%,27.1,
Nepal,2002,2002,%,27.4,
Nepal,2003,2003,%,27.6,
Nepal,2004,2004,%,27.8,
Nepal,2005,2005,%,28.1,
Nepal,2006,2006,%,28.3,
Nepal,2007,2007,%,28.6,
Nepal,2008,2008,%,28.8,
Nepal,2009,2009,%,29,
Nepal,2010,2010,%,29.3,
Nepal,2011,2011,%,29.5,
Nepal,2012,2012,%,29.8,
Nepal,2013,2013,%,28.3,
Nepal,2014,2014,%,26.8,
Nepal,2015,2015,%,25.4,
Nepal,2016,2016,%,23.9,
Nepal,2017,2017,%,22.3,
Nepal,2018,2018,%,20.8,
Nepal,2019,2019,%,19.2,
Nepal,2020,2020,%,17.6,
Netherlands,2000,2000,%,99,
Netherlands,2001,2001,%,99,
Netherlands,2002,2002,%,99,
Netherlands,2003,2003,%,99,
Netherlands,2004,2004,%,99,
Netherlands,2005,2005,%,99,
Netherlands,2006,2006,%,99,
Netherlands,2007,2007,%,99,
Netherlands,2008,2008,%,99,
Netherlands,2009,2009,%,99,
Netherlands,2010,2010,%,99,
Netherlands,2011,2011,%,99,
Netherlands,2012,2012,%,99,
Netherlands,2013,2013,%,99,
Netherlands,2014,2014,%,99,
Netherlands,2015,2015,%,99,
Netherlands,2016,2016,%,99,
Netherlands,2017,2017,%,99,
Netherlands,2018,2018,%,99,
Netherlands,2019,2019,%,99,
Netherlands,2020,2020,%,99,
New Caledonia,2000,2000,%,87,
New Caledonia,2001,2001,%,87,
New Caledonia,2002,2002,%,87,
New Caledonia,2003,2003,%,87.7,
New Caledonia,2004,2004,%,88.4,
New Caledonia,2005,2005,%,89,
New Caledonia,2006,2006,%,89.7,
New Caledonia,2007,2007,%,90.4,
New Caledonia,2008,2008,%,91,
New Caledonia,2009,2009,%,91.7,
New Caledonia,2010,2010,%,92.4,
New Caledonia,2011,2011,%,93.1,
New Caledonia,2012,2012,%,93.8,
New Caledonia,2013,2013,%,94.4,
New Caledonia,2014,2014,%,95.1,
New Caledonia,2015,2015,%,95.5,
New Caledonia,2016,2016,%,95.7,
New Caledonia,2017,2017,%,96,
New Caledonia,2018,2018,%,96.2,
New Caledonia,2019,2019,%,96.4,
New Caledonia,2020,2020,%,96.6,
New Zealand,2000,2000,%,82.3,
New Zealand,2001,2001,%,82.3,
New Zealand,2002,2002,%,82.3,
New Zealand,2003,2003,%,82.3,
New Zealand,2004,2004,%,82.3,
New Zealand,2005,2005,%,82.3,
New Zealand,2006,2006,%,83.6,
New Zealand,2007,2007,%,84.9,
New Zealand,2008,2008,%,86.2,
New Zealand,2009,2009,%,87.6,
New Zealand,2010,2010,%,88.9,
New Zealand,2011,2011,%,90.2,
New Zealand,2012,2012,%,91.6,
New Zealand,2013,2013,%,92.9,
New Zealand,2014,2014,%,94.2,
New Zealand,2015,2015,%,95.5,
New Zealand,2016,2016,%,96.9,
New Zealand,2017,2017,%,98.2,
New Zealand,2018,2018,%,99,
New Zealand,2019,2019,%,99,
New Zealand,2020,2020,%,99,
Nicaragua,2000,2000,%,47.8,
Nicaragua,2001,2001,%,47.9,
Nicaragua,2002,2002,%,48.1,
Nicaragua,2003,2003,%,48.2,
Nicaragua,2004,2004,%,48.3,
Nicaragua,2005,2005,%,48.4,
Nicaragua,2006,2006,%,48.5,
Nicaragua,2007,2007,%,48.6,
Nicaragua,2008,2008,%,49.6,
Nicaragua,2009,2009,%,50.7,
Nicaragua,2010,2010,%,51.7,
Nicaragua,2011,2011,%,52.7,
Nicaragua,2012,2012,%,53.7,
Nicaragua,2013,2013,%,54.6,
Nicaragua,2014,2014,%,55.1,
Nicaragua,2015,2015,%,55.2,
Nicaragua,2016,2016,%,55.3,
Nicaragua,2017,2017,%,55.3,
Nicaragua,2018,2018,%,55.4,
Nicaragua,2019,2019,%,55.4,
Nicaragua,2020,2020,%,55.5,
Nigeria,2000,2000,%,13.7,
Nigeria,2001,2001,%,14.2,
Nigeria,2002,2002,%,14.6,
Nigeria,2003,2003,%,15,
Nigeria,2004,2004,%,15.5,
Nigeria,2005,2005,%,15.9,
Nigeria,2006,2006,%,16.3,
Nigeria,2007,2007,%,16.7,
Nigeria,2008,2008,%,17.1,
Nigeria,2009,2009,%,17.5,
Nigeria,2010,2010,%,17.9,
Nigeria,2011,2011,%,18.3,
Nigeria,2012,2012,%,18.7,
Nigeria,2013,2013,%,19.1,
Nigeria,2014,2014,%,19.5,
Nigeria,2015,2015,%,19.9,
Nigeria,2016,2016,%,20.2,
Nigeria,2017,2017,%,20.6,
Nigeria,2018,2018,%,21,
Nigeria,2019,2019,%,21.3,
Nigeria,2020,2020,%,21.7,
Niue,2000,2000,%,98.3,
Niue,2001,2001,%,98.3,
Niue,2002,2002,%,98.3,
Niue,2003,2003,%,98.3,
Niue,2004,2004,%,98.3,
Niue,2005,2005,%,98.1,
Niue,2006,2006,%,98,
Niue,2007,2007,%,97.8,
Niue,2008,2008,%,97.7,
Niue,2009,2009,%,97.5,
Niue,2010,2010,%,97.4,
Niue,2011,2011,%,97.1,
Niue,2012,2012,%,96.7,
Niue,2013,2013,%,96.2,
Niue,2014,2014,%,95.8,
Niue,2015,2015,%,95.3,
Niue,2016,2016,%,94.9,
Niue,2017,2017,%,94.4,
Niue,2018,2018,%,94,
Niue,2019,2019,%,93.5,
Niue,2020,2020,%,93.5,
North Macedonia,2000,2000,%,80.5,
North Macedonia,2001,2001,%,80.4,
North Macedonia,2002,2002,%,80.4,
North Macedonia,2003,2003,%,80.4,
North Macedonia,2004,2004,%,80.4,
North Macedonia,2005,2005,%,80.4,
North Macedonia,2006,2006,%,80.3,
North Macedonia,2007,2007,%,80.3,
North Macedonia,2008,2008,%,80.3,
North Macedonia,2009,2009,%,80.3,
North Macedonia,2010,2010,%,80.3,
North Macedonia,2011,2011,%,80.3,
North Macedonia,2012,2012,%,80.3,
North Macedonia,2013,2013,%,80.3,
North Macedonia,2014,2014,%,80.3,
North Macedonia,2015,2015,%,80.3,
North Macedonia,2016,2016,%,79.1,
North Macedonia,2017,2017,%,77.9,
North Macedonia,2018,2018,%,76.7,
North Macedonia,2019,2019,%,76.8,
North Macedonia,2020,2020,%,76.8,
Norway,2000,2000,%,99,
Norway,2001,2001,%,99,
Norway,2002,2002,%,99,
Norway,2003,2003,%,99,
Norway,2004,2004,%,99,
Norway,2005,2005,%,99,
Norway,2006,2006,%,99,
Norway,2007,2007,%,99,
Norway,2008,2008,%,99,
Norway,2009,2009,%,99,
Norway,2010,2010,%,99,
Norway,2011,2011,%,99,
Norway,2012,2012,%,99,
Norway,2013,2013,%,99,
Norway,2014,2014,%,99,
Norway,2015,2015,%,99,
Norway,2016,2016,%,98.9,
Norway,2017,2017,%,98.9,
Norway,2018,2018,%,98.8,
Norway,2019,2019,%,98.7,
Norway,2020,2020,%,98.6,
Oman,2000,2000,%,83.9,
Oman,2001,2001,%,83.9,
Oman,2002,2002,%,83.9,
Oman,2003,2003,%,83.9,
Oman,2004,2004,%,84,
Oman,2005,2005,%,84.3,
Oman,2006,2006,%,84.7,
Oman,2007,2007,%,85.1,
Oman,2008,2008,%,85.4,
Oman,2009,2009,%,85.8,
Oman,2010,2010,%,86.1,
Oman,2011,2011,%,86.6,
Oman,2012,2012,%,87.1,
Oman,2013,2013,%,87.6,
Oman,2014,2014,%,88.1,
Oman,2015,2015,%,88.6,
Oman,2016,2016,%,89,
Oman,2017,2017,%,89.5,
Oman,2018,2018,%,89.9,
Oman,2019,2019,%,90.3,
Oman,2020,2020,%,90.6,
Pakistan,2000,2000,%,37.5,
Pakistan,2001,2001,%,37.6,
Pakistan,2002,2002,%,37.7,
Pakistan,2003,2003,%,37.8,
Pakistan,2004,2004,%,37.8,
Pakistan,2005,2005,%,37.7,
Pakistan,2006,2006,%,37.6,
Pakistan,2007,2007,%,37.4,
Pakistan,2008,2008,%,37.3,
Pakistan,2009,2009,%,37.1,
Pakistan,2010,2010,%,37,
Pakistan,2011,2011,%,36.8,
Pakistan,2012,2012,%,36.7,
Pakistan,2013,2013,%,36.5,
Pakistan,2014,2014,%,36.4,
Pakistan,2015,2015,%,36.2,
Pakistan,2016,2016,%,36,
Pakistan,2017,2017,%,35.9,
Pakistan,2018,2018,%,35.7,
Pakistan,2019,2019,%,35.8,
Pakistan,2020,2020,%,35.8,
Palau,2000,2000,%,63.7,
Palau,2001,2001,%,65.1,
Palau,2002,2002,%,66.5,
Palau,2003,2003,%,67.9,
Palau,2004,2004,%,69.5,
Palau,2005,2005,%,71.1,
Palau,2006,2006,%,72.8,
Palau,2007,2007,%,74.4,
Palau,2008,2008,%,76,
Palau,2009,2009,%,77.6,
Palau,2010,2010,%,79.3,
Palau,2011,2011,%,80.9,
Palau,2012,2012,%,82.6,
Palau,2013,2013,%,84.2,
Palau,2014,2014,%,85.9,
Palau,2015,2015,%,87.6,
Palau,2016,2016,%,89.2,
Palau,2017,2017,%,90.9,
Palau,2018,2018,%,91,
Palau,2019,2019,%,91.2,
Palau,2020,2020,%,91.3,
Palestine,2000,2000,%,73.1,
Palestine,2001,2001,%,73.5,
Palestine,2002,2002,%,73.8,
Palestine,2003,2003,%,74.1,
Palestine,2004,2004,%,74.5,
Palestine,2005,2005,%,74.8,
Palestine,2006,2006,%,75.1,
Palestine,2007,2007,%,75.5,
Palestine,2008,2008,%,75.8,
Palestine,2009,2009,%,76.1,
Palestine,2010,2010,%,76.4,
Palestine,2011,2011,%,76.8,
Palestine,2012,2012,%,77.1,
Palestine,2013,2013,%,77.4,
Palestine,2014,2014,%,77.7,
Palestine,2015,2015,%,78.1,
Palestine,2016,2016,%,78.4,
Palestine,2017,2017,%,78.7,
Palestine,2018,2018,%,79,
Palestine,2019,2019,%,79.4,
Palestine,2020,2020,%,79.7,
Paraguay,2000,2000,%,49.5,
Paraguay,2001,2001,%,50.5,
Paraguay,2002,2002,%,51.5,
Paraguay,2003,2003,%,52.4,
Paraguay,2004,2004,%,53.3,
Paraguay,2005,2005,%,54.1,
Paraguay,2006,2006,%,55,
Paraguay,2007,2007,%,55.8,
Paraguay,2008,2008,%,56.6,
Paraguay,2009,2009,%,57.5,
Paraguay,2010,2010,%,58.3,
Paraguay,2011,2011,%,59.1,
Paraguay,2012,2012,%,59.9,
Paraguay,2013,2013,%,60.7,
Paraguay,2014,2014,%,61.5,
Paraguay,2015,2015,%,62.2,
Paraguay,2016,2016,%,63,
Paraguay,2017,2017,%,63.8,
Paraguay,2018,2018,%,64,
Paraguay,2019,2019,%,64,
Paraguay,2020,2020,%,64.1,
Peru,2000,2000,%,45,
Peru,2001,2001,%,45.4,
Peru,2002,2002,%,45.8,
Peru,2003,2003,%,46.1,
Peru,2004,2004,%,46.5,
Peru,2005,2005,%,46.9,
Peru,2006,2006,%,47.3,
Peru,2007,2007,%,47.6,
Peru,2008,2008,%,47.9,
Peru,2009,2009,%,48.2,
Peru,2010,2010,%,48.5,
Peru,2011,2011,%,48.8,
Peru,2012,2012,%,49.1,
Peru,2013,2013,%,49.3,
Peru,2014,2014,%,49.6,
Peru,2015,2015,%,49.9,
Peru,2016,2016,%,50.2,
Peru,2017,2017,%,50.4,
Peru,2018,2018,%,50.7,
Peru,2019,2019,%,51,
Peru,2020,2020,%,51.3,
Philippines,2000,2000,%,36.3,
Philippines,2001,2001,%,36.4,
Philippines,2002,2002,%,38.4,
Philippines,2003,2003,%,40.5,
Philippines,2004,2004,%,42.6,
Philippines,2005,2005,%,44.2,
Philippines,2006,2006,%,44.7,
Philippines,2007,2007,%,44.8,
Philippines,2008,2008,%,45,
Philippines,2009,2009,%,45.1,
Philippines,2010,2010,%,45.3,
Philippines,2011,2011,%,45.5,
Philippines,2012,2012,%,45.7,
Philippines,2013,2013,%,45.9,
Philippines,2014,2014,%,46.1,
Philippines,2015,2015,%,46.3,
Philippines,2016,2016,%,46.6,
Philippines,2017,2017,%,46.8,
Philippines,2018,2018,%,47,
Philippines,2019,2019,%,47.2,
Philippines,2020,2020,%,47.5,
Poland,2005,2005,%,91,
Poland,2006,2006,%,91.4,
Poland,2007,2007,%,91.8,
Poland,2008,2008,%,92.2,
Poland,2009,2009,%,92.5,
Poland,2010,2010,%,93.1,
Poland,2011,2011,%,93.7,
Poland,2012,2012,%,94.2,
Poland,2013,2013,%,94.8,
Poland,2014,2014,%,95.4,
Poland,2015,2015,%,96,
Poland,2016,2016,%,96.6,
Poland,2017,2017,%,97.2,
Poland,2018,2018,%,97.8,
Poland,2019,2019,%,98.3,
Poland,2020,2020,%,98.3,
Portugal,2000,2000,%,93.2,
Portugal,2001,2001,%,93.4,
Portugal,2002,2002,%,93.5,
Portugal,2003,2003,%,93.7,
Portugal,2004,2004,%,93.8,
Portugal,2005,2005,%,93.9,
Portugal,2006,2006,%,94.1,
Portugal,2007,2007,%,94.2,
Portugal,2008,2008,%,94.4,
Portugal,2009,2009,%,94.5,
Portugal,2010,2010,%,94.7,
Portugal,2011,2011,%,95,
Portugal,2012,2012,%,95.2,
Portugal,2013,2013,%,95.3,
Portugal,2014,2014,%,95.3,
Portugal,2015,2015,%,95.3,
Portugal,2016,2016,%,95.4,
Portugal,2017,2017,%,95.4,
Portugal,2018,2018,%,95.4,
Portugal,2019,2019,%,95.4,
Portugal,2020,2020,%,95.4,
Puerto Rico,2000,2000,%,75.1,
Puerto Rico,2001,2001,%,75.2,
Puerto Rico,2002,2002,%,75.4,
Puerto Rico,2003,2003,%,75.5,
Puerto Rico,2004,2004,%,75.6,
Puerto Rico,2005,2005,%,75.7,
Puerto Rico,2006,2006,%,75.8,
Puerto Rico,2007,2007,%,75.9,
Puerto Rico,2008,2008,%,76,
Puerto Rico,2009,2009,%,78.8,
Puerto Rico,2010,2010,%,81.6,
Puerto Rico,2011,2011,%,84.4,
Puerto Rico,2012,2012,%,87.2,
Puerto Rico,2013,2013,%,90.1,
Puerto Rico,2014,2014,%,92.9,
Puerto Rico,2015,2015,%,95.7,
Puerto Rico,2016,2016,%,98.6,
Puerto Rico,2017,2017,%,99,
Puerto Rico,2018,2018,%,99,
Puerto Rico,2019,2019,%,99,
Puerto Rico,2020,2020,%,99,
Qatar,2000,2000,%,96.6,
Qatar,2001,2001,%,96.6,
Qatar,2002,2002,%,96.6,
Qatar,2003,2003,%,96.6,
Qatar,2004,2004,%,96.6,
Qatar,2005,2005,%,96.6,
Qatar,2006,2006,%,96.6,
Qatar,2007,2007,%,96.6,
Qatar,2008,2008,%,96.6,
Qatar,2009,2009,%,96.6,
Qatar,2010,2010,%,96.6,
Qatar,2011,2011,%,96.5,
Qatar,2012,2012,%,96.5,
Qatar,2013,2013,%,96.4,
Qatar,2014,2014,%,96.4,
Qatar,2015,2015,%,96.3,
Qatar,2016,2016,%,96.2,
Qatar,2017,2017,%,96.2,
Qatar,2018,2018,%,96.2,
Qatar,2019,2019,%,96.2,
Qatar,2020,2020,%,96.2,
Republic of Korea,2002,2002,%,97,
Republic of Korea,2003,2003,%,97,
Republic of Korea,2004,2004,%,97,
Republic of Korea,2005,2005,%,97,
Republic of Korea,2006,2006,%,97,
Republic of Korea,2007,2007,%,97.2,
Republic of Korea,2008,2008,%,97.4,
Republic of Korea,2009,2009,%,97.6,
Republic of Korea,2010,2010,%,97.7,
Republic of Korea,2011,2011,%,97.9,
Republic of Korea,2012,2012,%,98.1,
Republic of Korea,2013,2013,%,98.3,
Republic of Korea,2014,2014,%,98.5,
Republic of Korea,2015,2015,%,98.6,
Republic of Korea,2016,2016,%,98.7,
Republic of Korea,2017,2017,%,98.9,
Republic of Korea,2018,2018,%,99,
Republic of Korea,2019,2019,%,99,
Republic of Korea,2020,2020,%,99,
Republic of Moldova,2000,2000,%,40.4,
Republic of Moldova,2001,2001,%,42.3,
Republic of Moldova,2002,2002,%,44.3,
Republic of Moldova,2003,2003,%,46.2,
Republic of Moldova,2004,2004,%,48.3,
Republic of Moldova,2005,2005,%,50.5,
Republic of Moldova,2006,2006,%,52.8,
Republic of Moldova,2007,2007,%,55.1,
Republic of Moldova,2008,2008,%,57.4,
Republic of Moldova,2009,2009,%,59.8,
Republic of Moldova,2010,2010,%,62.2,
Republic of Moldova,2011,2011,%,64.7,
Republic of Moldova,2012,2012,%,67.2,
Republic of Moldova,2013,2013,%,69.7,
Republic of Moldova,2014,2014,%,72.2,
Republic of Moldova,2015,2015,%,72.5,
Republic of Moldova,2016,2016,%,72.8,
Republic of Moldova,2017,2017,%,73.1,
Republic of Moldova,2018,2018,%,73.4,
Republic of Moldova,2019,2019,%,73.7,
Republic of Moldova,2020,2020,%,74.1,
Romania,2000,2000,%,81.7,
Romania,2001,2001,%,81.6,
Romania,2002,2002,%,81.6,
Romania,2003,2003,%,81.6,
Romania,2004,2004,%,81.7,
Romania,2005,2005,%,81.7,
Romania,2006,2006,%,81.7,
Romania,2007,2007,%,81.8,
Romania,2008,2008,%,81.8,
Romania,2009,2009,%,81.8,
Romania,2010,2010,%,81.9,
Romania,2011,2011,%,81.9,
Romania,2012,2012,%,81.9,
Romania,2013,2013,%,81.9,
Romania,2014,2014,%,81.9,
Romania,2015,2015,%,81.9,
Romania,2016,2016,%,81.9,
Romania,2017,2017,%,81.9,
Romania,2018,2018,%,81.9,
Romania,2019,2019,%,82,
Romania,2020,2020,%,82,
Russian Federation,2000,2000,%,74.7,
Russian Federation,2001,2001,%,74.7,
Russian Federation,2002,2002,%,74.8,
Russian Federation,2003,2003,%,74.8,
Russian Federation,2004,2004,%,74.9,
Russian Federation,2005,2005,%,75,
Russian Federation,2006,2006,%,75,
Russian Federation,2007,2007,%,75.1,
Russian Federation,2008,2008,%,75.2,
Russian Federation,2009,2009,%,75.2,
Russian Federation,2010,2010,%,75.3,
Russian Federation,2011,2011,%,75.4,
Russian Federation,2012,2012,%,75.4,
Russian Federation,2013,2013,%,75.5,
Russian Federation,2014,2014,%,75.6,
Russian Federation,2015,2015,%,75.7,
Russian Federation,2016,2016,%,75.7,
Russian Federation,2017,2017,%,75.8,
Russian Federation,2018,2018,%,75.9,
Russian Federation,2019,2019,%,76,
Russian Federation,2020,2020,%,76.1,
Rwanda,2000,2000,%,4,
Rwanda,2001,2001,%,4.5,
Rwanda,2002,2002,%,5.1,
Rwanda,2003,2003,%,5.5,
Rwanda,2004,2004,%,5.8,
Rwanda,2005,2005,%,6.2,
Rwanda,2006,2006,%,6.6,
Rwanda,2007,2007,%,6.9,
Rwanda,2008,2008,%,7.3,
Rwanda,2009,2009,%,7.7,
Rwanda,2010,2010,%,8.1,
Rwanda,2011,2011,%,8.5,
Rwanda,2012,2012,%,8.9,
Rwanda,2013,2013,%,9.3,
Rwanda,2014,2014,%,9.7,
Rwanda,2015,2015,%,10.2,
Rwanda,2016,2016,%,10.6,
Rwanda,2017,2017,%,11.1,
Rwanda,2018,2018,%,11.6,
Rwanda,2019,2019,%,12.1,
Rwanda,2020,2020,%,12.1,
Samoa,2000,2000,%,44.7,
Samoa,2001,2001,%,44.7,
Samoa,2002,2002,%,44.7,
Samoa,2003,2003,%,44.7,
Samoa,2004,2004,%,44.7,
Samoa,2005,2005,%,44.8,
Samoa,2006,2006,%,44.9,
Samoa,2007,2007,%,45.1,
Samoa,2008,2008,%,45.2,
Samoa,2009,2009,%,45.3,
Samoa,2010,2010,%,45.4,
Samoa,2011,2011,%,45.5,
Samoa,2012,2012,%,45.6,
Samoa,2013,2013,%,45.8,
Samoa,2014,2014,%,45.9,
Samoa,2015,2015,%,46,
Samoa,2016,2016,%,46.1,
Samoa,2017,2017,%,46.2,
Samoa,2018,2018,%,46.2,
Samoa,2019,2019,%,46.2,
Samoa,2020,2020,%,46.2,
Sao Tome and Principe,2000,2000,%,25.5,
Sao Tome and Principe,2001,2001,%,26.1,
Sao Tome and Principe,2002,2002,%,26.6,
Sao Tome and Principe,2003,2003,%,27.1,
Sao Tome and Principe,2004,2004,%,27.7,
Sao Tome and Principe,2005,2005,%,28.3,
Sao Tome and Principe,2006,2006,%,28.8,
Sao Tome and Principe,2007,2007,%,29.4,
Sao Tome and Principe,2008,2008,%,30,
Sao Tome and Principe,2009,2009,%,30.5,
Sao Tome and Principe,2010,2010,%,31.1,
Sao Tome and Principe,2011,2011,%,31.7,
Sao Tome and Principe,2012,2012,%,32.2,
Sao Tome and Principe,2013,2013,%,32.8,
Sao Tome and Principe,2014,2014,%,33.4,
Sao Tome and Principe,2015,2015,%,34,
Sao Tome and Principe,2016,2016,%,34.5,
Sao Tome and Principe,2017,2017,%,35.1,
Sao Tome and Principe,2018,2018,%,35.5,
Sao Tome and Principe,2019,2019,%,35.8,
Sao Tome and Principe,2020,2020,%,36.2,
Serbia,2000,2000,%,74.4,
Serbia,2001,2001,%,74.4,
Serbia,2002,2002,%,74.5,
Serbia,2003,2003,%,74.5,
Serbia,2004,2004,%,74.5,
Serbia,2005,2005,%,74.6,
Serbia,2006,2006,%,74.6,
Serbia,2007,2007,%,74.7,
Serbia,2008,2008,%,74.7,
Serbia,2009,2009,%,74.7,
Serbia,2010,2010,%,74.8,
Serbia,2011,2011,%,74.8,
Serbia,2012,2012,%,74.8,
Serbia,2013,2013,%,74.9,
Serbia,2014,2014,%,74.9,
Serbia,2015,2015,%,74.9,
Serbia,2016,2016,%,74.9,
Serbia,2017,2017,%,74.9,
Serbia,2018,2018,%,75,
Serbia,2019,2019,%,75,
Serbia,2020,2020,%,75,
Sierra Leone,2000,2000,%,4.8,
Sierra Leone,2001,2001,%,5,
Sierra Leone,2002,2002,%,5.2,
Sierra Leone,2003,2003,%,5.4,
Sierra Leone,2004,2004,%,5.7,
Sierra Leone,2005,2005,%,5.9,
Sierra Leone,2006,2006,%,6.2,
Sierra Leone,2007,2007,%,6.4,
Sierra Leone,2008,2008,%,6.7,
Sierra Leone,2009,2009,%,7,
Sierra Leone,2010,2010,%,7.3,
Sierra Leone,2011,2011,%,7.6,
Sierra Leone,2012,2012,%,7.9,
Sierra Leone,2013,2013,%,8.2,
Sierra Leone,2014,2014,%,8.6,
Sierra Leone,2015,2015,%,8.9,
Sierra Leone,2016,2016,%,9.2,
Sierra Leone,2017,2017,%,9.6,
Sierra Leone,2018,2018,%,9.9,
Sierra Leone,2019,2019,%,10.3,
Sierra Leone,2020,2020,%,10.6,
Singapore,2000,2000,%,99,
Singapore,2001,2001,%,99,
Singapore,2002,2002,%,99,
Singapore,2003,2003,%,99,
Singapore,2004,2004,%,99,
Singapore,2005,2005,%,99,
Singapore,2006,2006,%,99,
Singapore,2007,2007,%,99,
Singapore,2008,2008,%,99,
Singapore,2009,2009,%,99,
Singapore,2010,2010,%,99,
Singapore,2011,2011,%,99,
Singapore,2012,2012,%,99,
Singapore,2013,2013,%,99,
Singapore,2014,2014,%,99,
Singapore,2015,2015,%,99,
Singapore,2016,2016,%,99,
Singapore,2017,2017,%,99,
Singapore,2018,2018,%,99,
Singapore,2019,2019,%,99,
Singapore,2020,2020,%,99,
Slovakia,2000,2000,%,92.2,
Slovakia,2001,2001,%,92.2,
Slovakia,2002,2002,%,92.8,
Slovakia,2003,2003,%,93.4,
Slovakia,2004,2004,%,94.1,
Slovakia,2005,2005,%,94.7,
Slovakia,2006,2006,%,95.4,
Slovakia,2007,2007,%,96,
Slovakia,2008,2008,%,96.6,
Slovakia,2009,2009,%,97.3,
Slovakia,2010,2010,%,97.9,
Slovakia,2011,2011,%,98.6,
Slovakia,2012,2012,%,98.8,
Slovakia,2013,2013,%,98.9,
Slovakia,2014,2014,%,98.9,
Slovakia,2015,2015,%,99,
Slovakia,2016,2016,%,99,
Slovakia,2017,2017,%,99,
Slovakia,2018,2018,%,99,
Slovakia,2019,2019,%,99,
Slovakia,2020,2020,%,99,
Slovenia,2000,2000,%,80.2,
Slovenia,2001,2001,%,80.2,
Slovenia,2002,2002,%,80.2,
Slovenia,2003,2003,%,81.4,
Slovenia,2004,2004,%,82.6,
Slovenia,2005,2005,%,83.8,
Slovenia,2006,2006,%,85,
Slovenia,2007,2007,%,86.2,
Slovenia,2008,2008,%,87.4,
Slovenia,2009,2009,%,88.7,
Slovenia,2010,2010,%,89.9,
Slovenia,2011,2011,%,91.1,
Slovenia,2012,2012,%,92.3,
Slovenia,2013,2013,%,93.5,
Slovenia,2014,2014,%,94.7,
Slovenia,2015,2015,%,95.9,
Slovenia,2016,2016,%,97.1,
Slovenia,2017,2017,%,98.3,
Slovenia,2018,2018,%,98.3,
Slovenia,2019,2019,%,98.3,
Slovenia,2020,2020,%,98.3,
Spain,2000,2000,%,99,
Spain,2001,2001,%,99,
Spain,2002,2002,%,99,
Spain,2003,2003,%,99,
Spain,2004,2004,%,99,
Spain,2005,2005,%,99,
Spain,2006,2006,%,99,
Spain,2007,2007,%,99,
Spain,2008,2008,%,99,
Spain,2009,2009,%,99,
Spain,2010,2010,%,99,
Spain,2011,2011,%,99,
Spain,2012,2012,%,99,
Spain,2013,2013,%,99,
Spain,2014,2014,%,99,
Spain,2015,2015,%,99,
Spain,2016,2016,%,99,
Spain,2017,2017,%,99,
Spain,2018,2018,%,99,
Spain,2019,2019,%,99,
Spain,2020,2020,%,99,
Suriname,2000,2000,%,51.6,
Suriname,2001,2001,%,51.8,
Suriname,2002,2002,%,52.1,
Suriname,2003,2003,%,52.3,
Suriname,2004,2004,%,52.5,
Suriname,2005,2005,%,52.7,
Suriname,2006,2006,%,52.9,
Suriname,2007,2007,%,53.1,
Suriname,2008,2008,%,53.3,
Suriname,2009,2009,%,53.5,
Suriname,2010,2010,%,53.7,
Suriname,2011,2011,%,53.9,
Suriname,2012,2012,%,54.1,
Suriname,2013,2013,%,54.3,
Suriname,2014,2014,%,54.5,
Suriname,2015,2015,%,54.7,
Suriname,2016,2016,%,54.9,
Suriname,2017,2017,%,55.1,
Suriname,2018,2018,%,55.3,
Suriname,2019,2019,%,55.5,
Suriname,2020,2020,%,55.8,
Sweden,2000,2000,%,99,
Sweden,2001,2001,%,99,
Sweden,2002,2002,%,99,
Sweden,2003,2003,%,99,
Sweden,2004,2004,%,99,
Sweden,2005,2005,%,99,
Sweden,2006,2006,%,99,
Sweden,2007,2007,%,99,
Sweden,2008,2008,%,99,
Sweden,2009,2009,%,99,
Sweden,2010,2010,%,99,
Sweden,2011,2011,%,99,
Sweden,2012,2012,%,99,
Sweden,2013,2013,%,99,
Sweden,2014,2014,%,99,
Sweden,2015,2015,%,99,
Sweden,2016,2016,%,99,
Sweden,2017,2017,%,99,
Sweden,2018,2018,%,99,
Sweden,2019,2019,%,99,
Sweden,2020,2020,%,99,
Switzerland,2000,2000,%,94.2,
Switzerland,2001,2001,%,94.2,
Switzerland,2002,2002,%,94.2,
Switzerland,2003,2003,%,94.2,
Switzerland,2004,2004,%,94.2,
Switzerland,2005,2005,%,94.2,
Switzerland,2006,2006,%,94.2,
Switzerland,2007,2007,%,94.2,
Switzerland,2008,2008,%,94.2,
Switzerland,2009,2009,%,94.2,
Switzerland,2010,2010,%,94.2,
Switzerland,2011,2011,%,94.2,
Switzerland,2012,2012,%,94.2,
Switzerland,2013,2013,%,94.2,
Switzerland,2014,2014,%,94.2,
Switzerland,2015,2015,%,94.2,
Switzerland,2016,2016,%,94.2,
Switzerland,2017,2017,%,94.2,
Switzerland,2018,2018,%,94.2,
Switzerland,2019,2019,%,94.2,
Switzerland,2020,2020,%,94.2,
Tajikistan,2000,2000,%,36,
Tajikistan,2001,2001,%,37,
Tajikistan,2002,2002,%,38.1,
Tajikistan,2003,2003,%,39.2,
Tajikistan,2004,2004,%,40.3,
Tajikistan,2005,2005,%,41.4,
Tajikistan,2006,2006,%,42.5,
Tajikistan,2007,2007,%,43.7,
Tajikistan,2008,2008,%,44.9,
Tajikistan,2009,2009,%,46.2,
Tajikistan,2010,2010,%,47.4,
Tajikistan,2011,2011,%,48.5,
Tajikistan,2012,2012,%,49.4,
Tajikistan,2013,2013,%,50.2,
Tajikistan,2014,2014,%,51,
Tajikistan,2015,2015,%,51.9,
Tajikistan,2016,2016,%,52.7,
Tajikistan,2017,2017,%,53.6,
Tajikistan,2018,2018,%,54.4,
Tajikistan,2019,2019,%,55.2,
Tajikistan,2020,2020,%,55.2,
Togo,2000,2000,%,10,
Togo,2001,2001,%,10.4,
Togo,2002,2002,%,10.8,
Togo,2003,2003,%,11.2,
Togo,2004,2004,%,11.7,
Togo,2005,2005,%,12.1,
Togo,2006,2006,%,12.6,
Togo,2007,2007,%,13,
Togo,2008,2008,%,13.5,
Togo,2009,2009,%,14,
Togo,2010,2010,%,14.5,
Togo,2011,2011,%,15,
Togo,2012,2012,%,15.5,
Togo,2013,2013,%,16,
Togo,2014,2014,%,16.6,
Togo,2015,2015,%,17.1,
Togo,2016,2016,%,17.7,
Togo,2017,2017,%,18.2,
Togo,2018,2018,%,18.8,
Togo,2019,2019,%,19.4,
Togo,2020,2020,%,19.6,
Tonga,2000,2000,%,29.2,
Tonga,2001,2001,%,29.2,
Tonga,2002,2002,%,29.2,
Tonga,2003,2003,%,29.3,
Tonga,2004,2004,%,29.3,
Tonga,2005,2005,%,29.3,
Tonga,2006,2006,%,29.3,
Tonga,2007,2007,%,29.3,
Tonga,2008,2008,%,29.4,
Tonga,2009,2009,%,29.4,
Tonga,2010,2010,%,29.4,
Tonga,2011,2011,%,29.5,
Tonga,2012,2012,%,29.5,
Tonga,2013,2013,%,29.5,
Tonga,2014,2014,%,29.5,
Tonga,2015,2015,%,29.5,
Tonga,2016,2016,%,29.5,
Tonga,2017,2017,%,29.5,
Tonga,2018,2018,%,29.5,
Tonga,2019,2019,%,29.5,
Tonga,2020,2020,%,29.5,
Tunisia,2000,2000,%,73.3,
Tunisia,2001,2001,%,73.6,
Tunisia,2002,2002,%,74,
Tunisia,2003,2003,%,74.4,
Tunisia,2004,2004,%,74.7,
Tunisia,2005,2005,%,75,
Tunisia,2006,2006,%,75.3,
Tunisia,2007,2007,%,75.6,
Tunisia,2008,2008,%,76,
Tunisia,2009,2009,%,76.3,
Tunisia,2010,2010,%,76.6,
Tunisia,2011,2011,%,76.9,
Tunisia,2012,2012,%,77.2,
Tunisia,2013,2013,%,77.5,
Tunisia,2014,2014,%,77.8,
Tunisia,2015,2015,%,78.1,
Tunisia,2016,2016,%,78.4,
Tunisia,2017,2017,%,78.6,
Tunisia,2018,2018,%,78.8,
Tunisia,2019,2019,%,79.1,
Tunisia,2020,2020,%,79.3,
Turkmenistan,2000,2000,%,66.7,
Turkmenistan,2001,2001,%,67.9,
Turkmenistan,2002,2002,%,69.1,
Turkmenistan,2003,2003,%,70.3,
Turkmenistan,2004,2004,%,71.5,
Turkmenistan,2005,2005,%,73.2,
Turkmenistan,2006,2006,%,74.9,
Turkmenistan,2007,2007,%,76.6,
Turkmenistan,2008,2008,%,78.3,
Turkmenistan,2009,2009,%,80,
Turkmenistan,2010,2010,%,81.8,
Turkmenistan,2011,2011,%,83.6,
Turkmenistan,2012,2012,%,85.4,
Turkmenistan,2013,2013,%,87.1,
Turkmenistan,2014,2014,%,88.9,
Turkmenistan,2015,2015,%,90.7,
Turkmenistan,2016,2016,%,92.3,
Turkmenistan,2017,2017,%,93.7,
Turkmenistan,2018,2018,%,94.8,
Turkmenistan,2019,2019,%,94.8,
Turkmenistan,2020,2020,%,94.8,
Uganda,2000,2000,%,2.3,
Uganda,2001,2001,%,2.8,
Uganda,2002,2002,%,3.4,
Uganda,2003,2003,%,3.9,
Uganda,2004,2004,%,4.5,
Uganda,2005,2005,%,5.1,
Uganda,2006,2006,%,5.7,
Uganda,2007,2007,%,6.3,
Uganda,2008,2008,%,7,
Uganda,2009,2009,%,7.7,
Uganda,2010,2010,%,8.4,
Uganda,2011,2011,%,9.1,
Uganda,2012,2012,%,9.8,
Uganda,2013,2013,%,10.6,
Uganda,2014,2014,%,11.4,
Uganda,2015,2015,%,12.2,
Uganda,2016,2016,%,13.1,
Uganda,2017,2017,%,13.9,
Uganda,2018,2018,%,14.8,
Uganda,2019,2019,%,15.7,
Uganda,2020,2020,%,16.6,
Ukraine,2000,2000,%,66.5,
Ukraine,2001,2001,%,66.5,
Ukraine,2002,2002,%,66.6,
Ukraine,2003,2003,%,66.8,
Ukraine,2004,2004,%,69.4,
Ukraine,2005,2005,%,72,
Ukraine,2006,2006,%,74.6,
Ukraine,2007,2007,%,77.2,
Ukraine,2008,2008,%,79.7,
Ukraine,2009,2009,%,82.3,
Ukraine,2010,2010,%,84.8,
Ukraine,2011,2011,%,87.3,
Ukraine,2012,2012,%,89.3,
Ukraine,2013,2013,%,89,
Ukraine,2014,2014,%,88.7,
Ukraine,2015,2015,%,88.7,
Ukraine,2016,2016,%,88.8,
Ukraine,2017,2017,%,88.9,
Ukraine,2018,2018,%,88.9,
Ukraine,2019,2019,%,89,
Ukraine,2020,2020,%,89,
United Kingdom of Great Britain and Northern Ireland,2000,2000,%,99,
United Kingdom of Great Britain and Northern Ireland,2001,2001,%,99,
United Kingdom of Great Britain and Northern Ireland,2002,2002,%,99,
United Kingdom of Great Britain and Northern Ireland,2003,2003,%,99,
United Kingdom of Great Britain and Northern Ireland,2004,2004,%,99,
United Kingdom of Great Britain and Northern Ireland,2005,2005,%,99,
United Kingdom of Great Britain and Northern Ireland,2006,2006,%,99,
United Kingdom of Great Britain and Northern Ireland,2007,2007,%,99,
United Kingdom of Great Britain and Northern Ireland,2008,2008,%,99,
United Kingdom of Great Britain and Northern Ireland,2009,2009,%,99,
United Kingdom of Great Britain and Northern Ireland,2010,2010,%,99,
United Kingdom of Great Britain and Northern Ireland,2011,2011,%,99,
United Kingdom of Great Britain and Northern Ireland,2012,2012,%,99,
United Kingdom of Great Britain and Northern Ireland,2013,2013,%,99,
United Kingdom of Great Britain and Northern Ireland,2014,2014,%,99,
United Kingdom of Great Britain and Northern Ireland,2015,2015,%,99,
United Kingdom of Great Britain and Northern Ireland,2016,2016,%,99,
United Kingdom of Great Britain and Northern Ireland,2017,2017,%,99,
United Kingdom of Great Britain and Northern Ireland,2018,2018,%,99,
United Kingdom of Great Britain and Northern Ireland,2019,2019,%,99,
United Kingdom of Great Britain and Northern Ireland,2020,2020,%,99,
United States of America,2005,2005,%,95.2,
United States of America,2006,2006,%,95.2,
United States of America,2007,2007,%,95.3,
United States of America,2008,2008,%,95.3,
United States of America,2009,2009,%,95.3,
United States of America,2010,2010,%,95.5,
United States of America,2011,2011,%,95.7,
United States of America,2012,2012,%,95.8,
United States of America,2013,2013,%,96,
United States of America,2014,2014,%,96.2,
United States of America,2015,2015,%,96.4,
United States of America,2016,2016,%,96.6,
United States of America,2017,2017,%,96.8,
United States of America,2018,2018,%,97,
United States of America,2019,2019,%,97.1,
United States of America,2020,2020,%,97.3,
Uzbekistan,2000,2000,%,56.3,
Uzbekistan,2001,2001,%,56.5,
Uzbekistan,2002,2002,%,56.6,
Uzbekistan,2003,2003,%,56.8,
Uzbekistan,2004,2004,%,56.9,
Uzbekistan,2005,2005,%,57.1,
Uzbekistan,2006,2006,%,57.2,
Uzbekistan,2007,2007,%,57.4,
Uzbekistan,2008,2008,%,57.5,
Uzbekistan,2009,2009,%,57.9,
Uzbekistan,2010,2010,%,58.3,
Uzbekistan,2011,2011,%,58.6,
Uzbekistan,2012,2012,%,58.7,
Uzbekistan,2013,2013,%,58.8,
Uzbekistan,2014,2014,%,58.8,
Uzbekistan,2015,2015,%,58.9,
Uzbekistan,2016,2016,%,58.9,
Uzbekistan,2017,2017,%,58.9,
Uzbekistan,2018,2018,%,58.9,
Uzbekistan,2019,2019,%,58.8,
Uzbekistan,2020,2020,%,58.8,
Zimbabwe,2000,2000,%,32.9,
Zimbabwe,2001,2001,%,33.1,
Zimbabwe,2002,2002,%,33.2,
Zimbabwe,2003,2003,%,33.2,
Zimbabwe,2004,2004,%,33.1,
Zimbabwe,2005,2005,%,32.8,
Zimbabwe,2006,2006,%,32.6,
Zimbabwe,2007,2007,%,32.3,
Zimbabwe,2008,2008,%,32.1,
Zimbabwe,2009,2009,%,31.8,
Zimbabwe,2010,2010,%,31.6,
Zimbabwe,2011,2011,%,31.3,
Zimbabwe,2012,2012,%,31.1,
Zimbabwe,2013,2013,%,30.8,
Zimbabwe,2014,2014,%,30.6,
Zimbabwe,2015,2015,%,30.4,
Zimbabwe,2016,2016,%,30.2,
Zimbabwe,2017,2017,%,30,
Zimbabwe,2018,2018,%,29.8,
Zimbabwe,2019,2019,%,29.7,
Zimbabwe,2020,2020,%,29.5,
